pkid,pbid,layers,variables,constraints,method,best_solution_probs,in_constraints_probs,ARG,iteration_count,classcial,quantum,run_times
0,0,5,6,3,PenaltySolver,0.09765625,22.94921875,95.96158838173069,110,7.55910084489733,20.148834875319153,124928
0,1,5,6,3,PenaltySolver,3.61328125,10.25390625,49.70099427299909,115,7.962917698547244,20.244183498434722,130048
0,2,5,6,3,PenaltySolver,6.4453125,26.46484375,26.50716144360713,105,7.304618332069367,18.77922376198694,118784
0,3,5,6,3,PenaltySolver,6.15234375,17.28515625,110.90292946569414,119,8.049614862073213,20.422978477552533,134144
0,4,5,6,3,PenaltySolver,3.80859375,20.21484375,20.760898429195638,106,8.1870980351232,18.868343645706773,119808
0,5,5,6,3,PenaltySolver,3.515625,10.83984375,42.003487693211795,103,7.765801050234586,18.698984944727272,116736
0,6,5,6,3,PenaltySolver,7.8125,37.890625,40.37141923719048,110,6.912013464141637,20.97989110974595,124928
0,7,5,6,3,PenaltySolver,5.37109375,11.62109375,44.227111788764304,122,8.726190011482686,20.203397684264928,138240
0,8,5,6,3,PenaltySolver,7.91015625,30.2734375,59.93749992507812,122,8.113181999884546,20.801193722058088,138240
0,9,5,6,3,PenaltySolver,3.61328125,18.359375,59.92050775257949,104,7.605731797404587,18.93285960284993,117760
0,0,5,6,3,CyclicSolver,25.09765625,45.80078125,44.82063794613227,132,4.916179507039487,23.915322278626263,149504
0,1,5,6,3,CyclicSolver,8.69140625,42.48046875,26.84002128241816,94,3.5424444652162492,19.674153494648635,106496
0,2,5,6,3,CyclicSolver,11.81640625,27.9296875,22.026801203040666,108,4.525014490354806,22.63755986187607,121856
0,3,5,6,3,CyclicSolver,1.7578125,35.44921875,69.74707017300587,107,4.092277807649225,22.91718399664387,120832
0,4,5,6,3,CyclicSolver,0.48828125,32.91015625,15.482460931307015,111,4.504783061333001,22.9533489337191,125952
0,5,5,6,3,CyclicSolver,9.1796875,34.08203125,25.205705897174493,120,4.462339490186423,23.88478684844449,136192
0,6,5,6,3,CyclicSolver,0.9765625,20.41015625,32.16788734298509,105,4.400780422147363,22.43354017753154,118784
0,7,5,6,3,CyclicSolver,2.63671875,68.1640625,11.540710442005805,123,3.974857129622251,24.30593978613615,139264
0,8,5,6,3,CyclicSolver,0.5859375,42.28515625,37.22058100816177,104,4.188206780236214,22.487651442643255,117760
0,9,5,6,3,CyclicSolver,24.8046875,47.4609375,27.969042940780955,102,4.065684557892382,22.781791429035366,115712
0,0,5,6,3,HeaSolver,11.42578125,19.04296875,94.15950505140083,201,16.37695830920711,33.706809849943966,226304
0,1,5,6,3,HeaSolver,8.984375,15.91796875,53.13671870169389,201,15.40930474922061,34.5730672609061,226304
0,2,5,6,3,HeaSolver,0.09765625,18.5546875,31.42914494781714,201,15.269629849120975,34.58872398454696,226304
0,3,5,6,3,HeaSolver,0,35.25390625,104.18261697913476,201,15.1521283746697,34.49655790021643,226304
0,4,5,6,3,HeaSolver,0.5859375,19.82421875,23.763515615494594,201,15.728256821632385,33.91608295915648,226304
0,5,5,6,3,HeaSolver,0.09765625,21.09375,41.299525640143194,201,14.472951224539429,33.47639383375645,226304
0,6,5,6,3,HeaSolver,0.09765625,16.50390625,49.145751912170205,201,15.87996190879494,34.15826213732362,226304
0,7,5,6,3,HeaSolver,0.9765625,17.7734375,34.65435788849727,201,15.284547991119325,34.25326875364408,226304
0,8,5,6,3,HeaSolver,2.44140625,16.9921875,76.46789541222762,201,16.477291830815375,33.762871113140136,226304
0,9,5,6,3,HeaSolver,0.09765625,15.625,58.81728509743271,201,14.91885865200311,34.46121243108064,226304
0,0,1,6,3,ChocoSolver,99.70703125,100.0,0.006835937488606771,29,0.09389150328934193,0.28462095838040113,32768
0,1,1,6,3,ChocoSolver,100.0,100.0,0.0,28,0.08448569662868977,0.2788363234139979,31744
0,2,1,6,3,ChocoSolver,12.01171875,100.0,0.5683593746842448,26,0.1387679553590715,0.2649427894502878,29696
0,3,1,6,3,ChocoSolver,9.27734375,100.0,3.8185546798628907,28,0.0816022171638906,0.2781799999065697,31744
0,4,1,6,3,ChocoSolver,0,100.0,0.079999999968,21,0.0754886120557785,0.22187294904142618,24576
0,5,1,6,3,ChocoSolver,20.21484375,100.0,0.5753348210176179,27,0.08084674319252372,0.2715524807572365,30720
0,6,1,6,3,ChocoSolver,0.1953125,100.0,0.41731770798556855,29,0.10795029532164335,0.28212536266073585,32768
0,7,1,6,3,ChocoSolver,0,100.0,0.1874999998828125,21,0.07366969995200634,0.21566475182771683,24576
0,8,1,6,3,ChocoSolver,17.48046875,100.0,0.23522949189346312,28,0.0820640604943037,0.27983255963772535,31744
0,9,1,6,3,ChocoSolver,0,100.0,0.40175781209824213,27,0.092988311778754,0.28022087924182415,30720
1,0,5,15,8,PenaltySolver,0.1953125,1.171875,248.19946258037564,111,145.30913532199338,9.088702229782939,125952
1,1,5,15,8,PenaltySolver,0.68359375,1.3671875,82.24604488075198,102,114.64974201936275,7.501591058447957,115712
1,2,5,15,8,PenaltySolver,0,0.1953125,147.05285635340445,94,124.14437171630561,7.873828025534749,106496
1,3,5,15,8,PenaltySolver,0,0,151.04364004231647,97,128.8119321684353,8.21540291653946,109568
1,4,5,15,8,PenaltySolver,0.1953125,0.1953125,115.41730051491194,100,139.42083766730502,8.08939532795921,113664
1,5,5,15,8,PenaltySolver,0,0.09765625,118.55222278580847,97,131.03877009032294,7.934882340952754,109568
1,6,5,15,8,PenaltySolver,0.78125,1.66015625,117.33919264314488,114,149.0487018772401,9.279112981632352,129024
1,7,5,15,8,PenaltySolver,0.1953125,1.26953125,77.96115941058584,97,119.30539897363633,8.261733756400645,109568
1,8,5,15,8,PenaltySolver,0.68359375,0.9765625,103.19180830326953,94,106.5721417395398,7.694788999389857,106496
1,9,5,15,8,PenaltySolver,0,0.09765625,64.21273641402296,100,141.18629177333787,4.654333466663957,113664
1,0,5,15,8,CyclicSolver,0.09765625,2.44140625,157.50915507655105,120,113.96007149340585,10.050827803555876,136192
1,1,5,15,8,CyclicSolver,0.1953125,1.3671875,54.17182614478909,126,93.41705958824605,10.942911765538156,142336
1,2,5,15,8,CyclicSolver,0.5859375,7.421875,67.85552974274654,134,135.4666250338778,10.9920967631042,151552
1,3,5,15,8,CyclicSolver,0,2.05078125,96.94396966597252,109,116.0875899172388,9.30828722473234,122880
1,4,5,15,8,CyclicSolver,0.5859375,14.2578125,58.62278985401432,121,122.79563375702128,9.989477978087962,137216
1,5,5,15,8,CyclicSolver,0,7.8125,49.68480280372152,119,70.14738644985482,10.197592563461512,134144
1,6,5,15,8,CyclicSolver,20.8984375,35.7421875,35.517903626101166,127,62.23019442521036,10.982124282512814,143360
1,7,5,15,8,CyclicSolver,3.41796875,33.7890625,36.118474770514325,111,69.96487984061241,9.615577084943652,125952
1,8,5,15,8,CyclicSolver,0,13.57421875,55.02286301910419,132,78.56384910829365,11.4461994539015,149504
1,9,5,15,8,CyclicSolver,0,32.421875,16.447368416724377,128,59.050586155150086,8.10527450684458,144384
1,0,5,15,8,HeaSolver,0,0,386.4876704153279,201,296.0022168783471,13.10829446837306,226304
1,1,5,15,8,HeaSolver,0,0,154.33422843845787,201,297.9385479236953,12.045363670680672,226304
1,2,5,15,8,HeaSolver,0,0,192.9177244888014,201,295.41097223293036,12.18117806641385,226304
1,3,5,15,8,HeaSolver,0,0,193.302795289342,201,296.6849142750725,13.298097637947649,226304
1,4,5,15,8,HeaSolver,0,0,162.49182762829378,201,296.65180871868506,11.740669873543084,226304
1,5,5,15,8,HeaSolver,0,0,146.53669077843492,201,296.8262292477302,13.18451487319544,226304
1,6,5,15,8,HeaSolver,0,0,171.11187056466005,201,298.47783661680296,12.037002299446613,226304
1,7,5,15,8,HeaSolver,0,0,140.13871620050512,201,300.58378617465496,11.932652419432998,226304
1,8,5,15,8,HeaSolver,0,0,181.53952195203556,201,305.5035209772177,10.608494344633073,226304
1,9,5,15,8,HeaSolver,0,0.390625,81.85801293076105,201,286.9939360069111,4.419694656506181,226304
1,0,1,15,8,ChocoSolver,0.48828125,100.0,1.636596677641754,28,0.3563447413034737,0.4572656089439988,31744
1,1,1,15,8,ChocoSolver,11.1328125,100.0,0.7490234371254882,31,0.4238188243471086,0.5088748442940414,35840
1,2,1,15,8,ChocoSolver,100.0,100.0,0.0,25,0.20897029247134924,0.4120092215016484,28672
1,3,1,15,8,ChocoSolver,100.0,100.0,0.0,26,0.2958556516095996,0.437043578363955,29696
1,4,1,15,8,ChocoSolver,24.0234375,100.0,0.7131990127825268,28,0.47956637805327773,0.44661962194368243,31744
1,5,1,15,8,ChocoSolver,0,100.0,0.3386811754339613,28,0.3989382525905967,0.45452004158869386,31744
1,6,1,15,8,ChocoSolver,100.0,100.0,0.0,22,0.24201509449630976,0.3670228645205498,25600
1,7,1,15,8,ChocoSolver,100.0,100.0,0.0,22,0.24521605903282762,0.3635927061550319,25600
1,8,1,15,8,ChocoSolver,0.48828125,100.0,0.12511488963228534,28,0.3598103686235845,0.4513243664987385,31744
1,9,1,15,8,ChocoSolver,0.09765625,100.0,0.07887027136082361,27,0.29484888864681125,0.4468861143104732,30720
2,0,5,21,12,PenaltySolver,0,0,108.52953358453651,98,227.3472444745712,8.625310025643557,110592
2,1,5,21,12,PenaltySolver,0,0,96.69561086723733,102,238.01615793490782,8.679599602241069,115712
2,2,5,21,12,PenaltySolver,0,0,91.38705354531798,92,212.5275530074723,8.040317152626812,104448
2,3,5,21,12,PenaltySolver,0,0,100.05319550172133,94,218.37225815607235,7.987153087742627,106496
2,4,5,21,12,PenaltySolver,0,0,216.66909538621607,117,271.9248536643572,10.186379103455693,132096
2,5,5,21,12,PenaltySolver,0,0,107.48473475789875,99,232.47552980436012,7.440185809507966,111616
2,6,5,21,12,PenaltySolver,0,0,134.7399679785273,126,292.11575735220686,9.229382464662194,142336
2,7,5,21,12,PenaltySolver,0,0.09765625,80.48136158414817,119,278.1222334196791,8.660273429472,134144
2,8,5,21,12,PenaltySolver,0,0,83.36703328398235,106,248.29448527051136,7.896525383461267,119808
2,9,5,21,12,PenaltySolver,0,0,192.51577509229554,106,193.08563232282177,8.149527890142053,119808
2,0,5,21,12,CyclicSolver,0,0.09765625,66.7241654627351,106,239.60382159985602,10.465777181088924,119808
2,1,5,21,12,CyclicSolver,0,0.29296875,72.01559785325955,88,200.02270439686254,8.509864255785942,99328
2,2,5,21,12,CyclicSolver,0,1.5625,49.20976561094007,109,218.3345497585833,10.332906960509717,122880
2,3,5,21,12,CyclicSolver,0.87890625,3.61328125,40.86724174212021,111,214.03873795317486,10.372088150121272,125952
2,4,5,21,12,CyclicSolver,0,0.29296875,192.52689288074853,90,209.25857084989548,8.763182421214879,102400
2,5,5,21,12,CyclicSolver,0,0.68359375,53.85711347266918,120,252.6525704790838,10.005478346720338,136192
2,6,5,21,12,CyclicSolver,0,2.83203125,76.82608306166996,97,179.5582911814563,8.111643961630762,109568
2,7,5,21,12,CyclicSolver,0,0.5859375,65.4394252045173,105,229.9934736508876,8.651364198420197,118784
2,8,5,21,12,CyclicSolver,0,5.37109375,41.54867391998719,106,189.59775228844956,8.884354086592793,119808
2,9,5,21,12,CyclicSolver,0,0.68359375,172.9375749871634,111,255.5280048851855,9.539749290794134,125952
2,0,5,21,12,HeaSolver,0,0,141.52080369764522,201,474.17727848514915,11.496558659244329,226304
2,1,5,21,12,HeaSolver,0,0,129.7141384188294,201,470.24008046416566,11.256526197772473,226304
2,2,5,21,12,HeaSolver,0,0,133.50334817614188,201,471.0306115085259,11.640455482527614,226304
2,3,5,21,12,HeaSolver,0,0,130.00279401770754,201,472.6804124894552,11.117558548692614,226304
2,4,5,21,12,HeaSolver,0,0,360.2119137854139,201,475.8341855853796,11.676363533828408,226304
2,5,5,21,12,HeaSolver,0,0,125.18223166935994,201,469.0229889648035,10.23487556912005,226304
2,6,5,21,12,HeaSolver,0,0,216.1426224159579,201,468.89227641699836,10.386903010774404,226304
2,7,5,21,12,HeaSolver,0,0,136.11989393432287,201,473.9363928497769,10.437458225525916,226304
2,8,5,21,12,HeaSolver,0,0,125.15062188318404,201,471.7462690281682,10.42096172599122,226304
2,9,5,21,12,HeaSolver,0,0,366.2909402230454,201,476.59653674950823,10.415256146807224,226304
2,0,1,21,12,ChocoSolver,0,100.0,0.030303030293847566,21,0.2855981243774295,0.4183006947860122,24576
2,1,1,21,12,ChocoSolver,0,100.0,0.13888888885030864,20,0.29538387013599277,0.39231776585802436,23552
2,2,1,21,12,ChocoSolver,0,100.0,0.14285714281632653,25,0.41215456975623965,0.4792731571942568,28672
2,3,1,21,12,ChocoSolver,100.0,100.0,0.0,22,0.30844790069386363,0.48738415353000164,25600
2,4,1,21,12,ChocoSolver,16.015625,100.0,2.1526442291133505,36,0.7555378596298397,0.6813727584667504,40960
2,5,1,21,12,ChocoSolver,100.0,100.0,0.0,19,0.2592311636544764,0.35641006706282496,21504
2,6,1,21,12,ChocoSolver,0,100.0,0.3181818180371901,23,0.36510326713323593,0.4583141137845814,26624
2,7,1,21,12,ChocoSolver,12.890625,100.0,0.3216796874080915,27,0.5086290738545358,0.5066153868101537,30720
2,8,1,21,12,ChocoSolver,0,100.0,0.05276007399927366,29,0.480234052054584,0.5646474952809513,32768
2,9,1,21,12,ChocoSolver,100.0,100.0,0.0,24,0.3297811751253903,0.4596240120008588,27648
3,0,5,28,15,PenaltySolver,0,0,176.51409033874495,97,354.0200020032935,164.22661281377077,109568
3,1,5,28,15,PenaltySolver,0,0,118.27386470913316,99,364.611704451032,164.52953361300752,111616
3,2,5,28,15,PenaltySolver,0,0,164.88726442760668,83,303.2934863511473,146.50647061876953,94208
3,3,5,28,15,PenaltySolver,0,0,194.11108392371528,102,372.78144839033484,137.20670925779268,115712
3,4,5,28,15,PenaltySolver,0,0,182.1662360803496,103,377.84649252938107,142.6799136227928,116736
3,5,5,28,15,PenaltySolver,0,0,168.84817499606308,102,379.33284553606063,136.3960211048834,115712
3,6,5,28,15,PenaltySolver,0,0,222.29428699822785,117,427.6090945219621,172.07298905635253,132096
3,7,5,28,15,PenaltySolver,0,0,123.15971776823271,92,335.113798643928,136.89247319335118,104448
3,8,5,28,15,PenaltySolver,0,0,195.27808770462948,107,395.79355085175484,148.40291977021843,120832
3,9,5,28,15,PenaltySolver,0,0,193.9382030474247,98,357.36801286647096,119.31663397932425,110592
3,0,5,28,15,CyclicSolver,0.9765625,13.57421875,38.61725724067241,124,313.1384997898713,284.1368793724105,140288
3,1,5,28,15,CyclicSolver,0,0.1953125,62.791900615143156,113,397.34481722442433,256.22993804188445,128000
3,2,5,28,15,CyclicSolver,0,9.375,45.261144288158484,115,348.5804880755022,263.05146772647277,130048
3,3,5,28,15,CyclicSolver,0,0.390625,80.90127560948397,106,387.81524664955214,155.82137624034658,119808
3,4,5,28,15,CyclicSolver,0.09765625,0.78125,83.55534901538537,111,391.48971596127376,183.1357531407848,125952
3,5,5,28,15,CyclicSolver,0,0.9765625,71.36856076871295,106,360.483302090317,189.01934934267774,119808
3,6,5,28,15,CyclicSolver,0,0.87890625,88.13613276843193,112,360.1241700584069,250.17574855452403,126976
3,7,5,28,15,CyclicSolver,0,6.93359375,28.063576206007433,135,399.41464415285736,297.8892018091865,152576
3,8,5,28,15,CyclicSolver,0,0.09765625,108.95754273085355,106,377.39364264253527,254.63438650453463,119808
3,9,5,28,15,CyclicSolver,0,0.78125,77.02273434419091,112,370.8046730970964,157.8521171407774,126976
3,0,5,28,15,HeaSolver,0,0,252.90949349226446,201,722.3595388932154,356.3267995505594,226304
3,1,5,28,15,HeaSolver,0,0,221.20400994063937,201,723.606101625599,352.9557206784375,226304
3,2,5,28,15,HeaSolver,0,0,208.04592709873648,201,735.8993425844237,347.98408122267574,226304
3,3,5,28,15,HeaSolver,0,0,217.29589836959502,201,730.4975699773058,324.17448997637257,226304
3,4,5,28,15,HeaSolver,0,0,224.64705133882353,201,727.4985531824641,326.8853628677316,226304
3,5,5,28,15,HeaSolver,0,0,217.25289910203034,201,754.1702971723862,336.39444334665313,226304
3,6,5,28,15,HeaSolver,0,0,350.86123029331935,201,722.465328304097,315.6533267069608,226304
3,7,5,28,15,HeaSolver,0,0,143.32300300008714,201,723.3282386595383,317.7916973782703,226304
3,8,5,28,15,HeaSolver,0,0,334.4276877127725,201,753.4641905794851,316.195641703438,226304
3,9,5,28,15,HeaSolver,0,0,280.0145311379942,201,790.5715617393143,195.6899735541083,226304
3,0,1,28,15,ChocoSolver,99.90234375,100.0,0.0005929129462168168,24,0.5930508631281555,0.628239830955863,27648
3,1,1,28,15,ChocoSolver,0,100.0,0.15624999995117186,26,0.6243843333795667,0.6745830867439508,29696
3,2,1,28,15,ChocoSolver,0,100.0,0.20588235288062284,21,0.5318313408643007,0.5721054202876985,24576
3,3,1,28,15,ChocoSolver,0,100.0,0.2507324217966461,27,0.781906601972878,0.7057227059267461,30720
3,4,1,28,15,ChocoSolver,100.0,100.0,0.0,23,0.572371921967715,0.6295540849678218,26624
3,5,1,28,15,ChocoSolver,22.0703125,100.0,0.36672973621352195,27,1.0251141879707575,0.7041472499258816,30720
3,6,1,28,15,ChocoSolver,0,100.0,1.1694824212902588,29,1.0861046430654824,0.7491005901247263,32768
3,7,1,28,15,ChocoSolver,0,100.0,0.020408163261141192,21,0.503706643357873,0.5822911807335913,24576
3,8,1,28,15,ChocoSolver,99.8046875,100.0,0.0035807291649615574,27,0.6950212963856757,0.7051303144544363,30720
3,9,1,28,15,ChocoSolver,2.5390625,100.0,0.8424218746630312,27,0.9760588272474706,0.6979495128616691,30720
4,0,5,12,6,PenaltySolver,0.390625,3.7109375,129.15185533959814,118,89.66360284388065,10.074166748207062,133120
4,1,5,12,6,PenaltySolver,0.29296875,3.22265625,128.24651218518105,121,102.41074089333415,10.217775863595307,137216
4,2,5,12,6,PenaltySolver,1.46484375,3.7109375,133.84996436695457,101,88.37843757588416,8.677184550091624,114688
4,3,5,12,6,PenaltySolver,0.09765625,0.48828125,309.16367125667267,111,86.52397805498913,9.499996759928763,125952
4,4,5,12,6,PenaltySolver,0.5859375,2.05078125,168.9199216873112,100,78.6315045170486,8.962593240197748,113664
4,5,5,12,6,PenaltySolver,0.09765625,0.48828125,155.70507800522685,117,98.05822126660496,9.386601247359067,132096
4,6,5,12,6,PenaltySolver,0.48828125,3.02734375,77.05678707084661,115,87.3733856473118,9.881654302589595,130048
4,7,5,12,6,PenaltySolver,0.29296875,1.7578125,91.5232832577509,118,98.42120992019773,10.016450159717351,133120
4,8,5,12,6,PenaltySolver,0.09765625,1.171875,92.29687494872395,107,94.87492248602211,9.397103788796812,120832
4,9,5,12,6,PenaltySolver,0.48828125,3.41796875,114.87758083312315,130,93.38468981022015,10.996376727707684,147456
4,0,5,12,6,CyclicSolver,0,99.8046875,0.7773437492226561,121,13.553779041860253,14.802610652055591,137216
4,1,5,12,6,CyclicSolver,3.3203125,10.546875,65.05154850264175,110,30.923661421518773,12.957384705543518,124928
4,2,5,12,6,CyclicSolver,4.296875,11.03515625,77.9441583098235,123,35.150331451091915,13.51877373456955,139264
4,3,5,12,6,CyclicSolver,0,100.0,2.5999999948,137,15.90544549189508,16.163118618074805,154624
4,4,5,12,6,CyclicSolver,4.6875,12.5,96.48676204557026,113,32.616377173922956,12.299125791992992,128000
4,5,5,12,6,CyclicSolver,4.19921875,11.9140625,68.2882361253552,111,32.79986454453319,12.832175170071423,125952
4,6,5,12,6,CyclicSolver,2.24609375,10.15625,44.864746071317626,98,28.707318900618702,12.439792725257576,110592
4,7,5,12,6,CyclicSolver,0,100.0,0.631578947036011,143,12.331120351795107,17.378748536109924,161792
4,8,5,12,6,CyclicSolver,0.87890625,8.3984375,48.73578556320234,127,36.37055876292288,13.757872688118368,143360
4,9,5,12,6,CyclicSolver,2.83203125,8.49609375,64.32666011030238,106,31.74278767639771,12.632686245720834,119808
4,0,5,12,6,HeaSolver,0,0.29296875,229.57031227042967,201,191.14848592551425,12.238080751616508,226304
4,1,5,12,6,HeaSolver,0,0.09765625,160.55071138085663,201,193.87309267371893,11.28816786641255,226304
4,2,5,12,6,HeaSolver,0.29296875,0.390625,200.35955237467311,201,189.28098917426541,12.044292665086687,226304
4,3,5,12,6,HeaSolver,0.1953125,0.48828125,461.68847563912306,201,192.0521245393902,12.425484643317759,226304
4,4,5,12,6,HeaSolver,0,0.09765625,249.72211343780873,201,190.2329449816607,12.32728062523529,226304
4,5,5,12,6,HeaSolver,0,0.390625,169.8033352059205,201,189.85659775184467,10.610681042075157,226304
4,6,5,12,6,HeaSolver,0,0.48828125,115.6117675203191,201,191.95831826189533,11.808622249867767,226304
4,7,5,12,6,HeaSolver,0,0.09765625,117.90691811228582,201,190.96979308873415,12.472610320430249,226304
4,8,5,12,6,HeaSolver,0,0.390625,122.5406900360885,201,190.55627287272364,12.154678309336305,226304
4,9,5,12,6,HeaSolver,0.1953125,0.48828125,164.9421734312913,201,193.49886144837365,11.917785747442394,226304
4,0,1,12,6,ChocoSolver,100.0,100.0,0.0,25,0.1982151479460299,0.4542866521514952,28672
4,1,1,12,6,ChocoSolver,13.76953125,100.0,0.7723214280197703,29,0.512029295321554,0.4637768268585205,32768
4,2,1,12,6,ChocoSolver,60.05859375,100.0,0.3267933235665515,30,0.4279283466748893,0.4792794776149094,34816
4,3,1,12,6,ChocoSolver,0,100.0,2.4001953076996094,27,0.25586510682478547,0.4577480242587626,30720
4,4,1,12,6,ChocoSolver,13.4765625,100.0,1.2949218735611978,26,0.40582579001784325,0.4191050729714334,29696
4,5,1,12,6,ChocoSolver,0,100.0,0.7256610571341068,29,0.3951602620072663,0.452918847091496,32768
4,6,1,12,6,ChocoSolver,0,100.0,0.5508789059745606,31,0.3179963198490441,0.5299778520129621,35840
4,7,1,12,6,ChocoSolver,0,100.0,0.15789473675900276,24,0.24226804403588176,0.3997414968907833,27648
4,8,1,12,6,ChocoSolver,24.12109375,100.0,0.3649631074361316,28,0.3006757255643606,0.4486016584560275,31744
4,9,1,12,6,ChocoSolver,100.0,100.0,0.0,26,0.16700719250366092,0.4344642194919288,29696
5,0,5,15,9,PenaltySolver,0,0,530.5796864388407,85,132.54100591596216,7.974202900193632,96256
5,1,5,15,9,PenaltySolver,0,0.09765625,166.49930233642905,104,165.47523750411347,8.976233197841793,117760
5,2,5,15,9,PenaltySolver,0.09765625,0.09765625,105.19804683292078,92,147.50041371490806,8.546860384754837,104448
5,3,5,15,9,PenaltySolver,0,0,133.52747685691932,84,137.6685726745054,8.127225147560239,95232
5,4,5,15,9,PenaltySolver,0,0,193.91984660563855,91,135.81988905370235,8.247254402376711,103424
5,5,5,15,9,PenaltySolver,0,0,103.74527339600189,102,161.34726180974394,8.821159532293677,115712
5,6,5,15,9,PenaltySolver,0,0.29296875,131.771592808738,110,175.4843384833075,9.562650396488607,124928
5,7,5,15,9,PenaltySolver,0,0.29296875,184.6606443773661,112,167.48948890389875,9.623305106069893,126976
5,8,5,15,9,PenaltySolver,0,0.09765625,187.69830716653445,106,177.84956172155216,9.541191337164491,119808
5,9,5,15,9,PenaltySolver,0.5859375,1.3671875,264.10351533155165,114,163.4495698348619,7.521516468375921,129024
5,0,5,15,9,CyclicSolver,0.09765625,0.5859375,383.9478507946043,111,145.68874248769134,11.287519538309425,125952
5,1,5,15,9,CyclicSolver,0,0.390625,58.97384203376868,151,53.1376215768978,16.525861352216452,171008
5,2,5,15,9,CyclicSolver,0,100.0,0.79999999968,138,58.78120464971289,15.003043796401471,155648
5,3,5,15,9,CyclicSolver,0,99.70703125,0.7867986502105461,147,45.161851555574685,16.58900759369135,165888
5,4,5,15,9,CyclicSolver,0.1953125,0.1953125,61.63416461605064,150,55.37618278246373,16.590909171383828,169984
5,5,5,15,9,CyclicSolver,0,99.70703125,0.8776953121489218,108,42.600599109660834,12.174036270473152,121856
5,6,5,15,9,CyclicSolver,0,99.8046875,1.1414930549213926,136,44.555358089506626,15.374619946349412,153600
5,7,5,15,9,CyclicSolver,0,0.87890625,162.58805324992662,97,132.24914739606902,10.61880119331181,109568
5,8,5,15,9,CyclicSolver,0,99.8046875,1.1031249992645833,138,54.081103526987135,15.594343751203269,155648
5,9,5,15,9,CyclicSolver,0,99.70703125,2.1015624976649305,145,38.38812794489786,12.33611375046894,163840
5,0,5,15,9,HeaSolver,0,0,688.9490220596019,201,347.28438971191645,11.756329294294119,226304
5,1,5,15,9,HeaSolver,0,0,247.7976421221088,201,344.8262945115566,12.390920685604215,226304
5,2,5,15,9,HeaSolver,0,0.09765625,137.18183588262727,201,354.84689903166145,11.280339050572366,226304
5,3,5,15,9,HeaSolver,0,0,156.35391505677094,201,343.52055539702997,12.04249909101054,226304
5,4,5,15,9,HeaSolver,0,0,266.665038857373,201,355.59788189223036,10.956883524078876,226304
5,5,5,15,9,HeaSolver,0,0.09765625,137.19035150762386,201,343.9770241519436,11.430015832651407,226304
5,6,5,15,9,HeaSolver,0,0,191.3234048416259,201,343.16656675655395,11.652532156091183,226304
5,7,5,15,9,HeaSolver,0,0,288.61018856157483,201,344.05139060504735,11.465366929769516,226304
5,8,5,15,9,HeaSolver,0,0.09765625,228.43509099354327,201,345.39679322298616,11.346017835196108,226304
5,9,5,15,9,HeaSolver,0,0,382.174370235084,201,336.4979543518275,8.334429370239377,226304
5,0,1,15,9,ChocoSolver,0,100.0,3.5999999928,13,0.2046361993998289,0.191345093306154,15360
5,1,1,15,9,ChocoSolver,0,100.0,0.4285714282653061,27,0.3367477594874799,0.37364451633766294,30720
5,2,1,15,9,ChocoSolver,27.34375,100.0,0.43300781232679686,29,0.46743230475112796,0.4561795312911272,32768
5,3,1,15,9,ChocoSolver,0,100.0,0.6818181815082645,13,0.21449226886034012,0.19253824884071946,15360
5,4,1,15,9,ChocoSolver,0,100.0,0.7695312494080528,25,0.270444646012038,0.3457267009653151,28672
5,5,1,15,9,ChocoSolver,0,100.0,0.5557031247777188,31,0.3828325690701604,0.5154655911028385,35840
5,6,1,15,9,ChocoSolver,0,100.0,1.0555555549691358,13,0.21629413589835167,0.1941939229145646,15360
5,7,1,15,9,ChocoSolver,99.90234375,100.0,0.0008138020826551649,28,0.2840704810805619,0.3844637139700353,31744
5,8,1,15,9,ChocoSolver,27.05078125,100.0,0.5034505204976997,30,0.516933036968112,0.49936258140951395,34816
5,9,1,15,9,ChocoSolver,0,100.0,1.8888888867901232,13,0.21583499619737267,0.19283394096419215,15360
6,0,5,20,8,PenaltySolver,0,0,148.23144523838428,125,299.9361664885655,15.75424380833283,141312
6,1,5,20,8,PenaltySolver,0,0,225.9024133431054,106,260.4038292947225,13.097315051592886,119808
6,2,5,20,8,PenaltySolver,0,0,226.17014706159986,114,279.3768117125146,14.77891335869208,129024
6,3,5,20,8,PenaltySolver,0,0,257.89648414054864,125,309.8744754786603,14.894965439103544,141312
6,4,5,20,8,PenaltySolver,0,0.09765625,658.2726549334546,99,244.52806396735832,11.88567960774526,111616
6,5,5,20,8,PenaltySolver,0,0,452.5767573599232,88,219.54309103125706,9.762863516807556,99328
6,6,5,20,8,PenaltySolver,0,0.1953125,416.33239694052196,94,237.88103331066668,10.394261311274022,106496
6,7,5,20,8,PenaltySolver,0,0,326.49267554804095,99,249.2366702198051,11.71954469801858,111616
6,8,5,20,8,PenaltySolver,0,0,143.52490229889847,92,233.13629156164825,10.733864439185709,104448
6,9,5,20,8,PenaltySolver,0,0.390625,271.72340724290507,108,268.37160183815286,12.07807360868901,121856
6,0,5,20,8,CyclicSolver,0,97.65625,2.395410155052295,146,114.59104642597958,21.183543951250613,164864
6,1,5,20,8,CyclicSolver,0,99.90234375,1.2684849321296536,150,71.1057780846022,21.691639794036746,169984
6,2,5,20,8,CyclicSolver,0,99.8046875,1.750826320768595,130,68.48558954428881,19.29342673253268,147456
6,3,5,20,8,CyclicSolver,0,0.09765625,39.072709481524804,133,82.84445947781205,19.46238378342241,150528
6,4,5,20,8,CyclicSolver,0,9.86328125,149.15781220168438,146,122.68664489733055,21.430264518596232,164864
6,5,5,20,8,CyclicSolver,0,0.09765625,44.14296870585703,115,58.64671304030344,16.665358235593885,130048
6,6,5,20,8,CyclicSolver,0,99.90234375,2.300170895562286,123,45.8071830640547,17.04025965789333,139264
6,7,5,20,8,CyclicSolver,0,97.16796875,2.1953822528961555,110,52.49878377607092,15.401417829561979,124928
6,8,5,20,8,CyclicSolver,0,97.36328125,1.1778564449444198,121,51.06585950078443,27.196013300213963,137216
6,9,5,20,8,CyclicSolver,0,1.3671875,33.154146609112196,116,47.17235771752894,25.869262495543808,131072
6,0,5,20,8,HeaSolver,0,0,225.10009754369995,201,509.58678591111675,11.518992539960891,226304
6,1,5,20,8,HeaSolver,0,0,325.0963306829669,201,503.8737614196725,20.399997541680932,226304
6,2,5,20,8,HeaSolver,0,0,349.9239780962123,201,508.11596195120364,20.795757276006043,226304
6,3,5,20,8,HeaSolver,0,0,415.467861838211,201,510.0266125309281,11.651679495349526,226304
6,4,5,20,8,HeaSolver,0,0,918.896482537207,201,503.25466384505853,20.53748317807913,226304
6,5,5,20,8,HeaSolver,0,0,454.6177729828822,201,503.1026041917503,10.152061940636486,226304
6,6,5,20,8,HeaSolver,0,0,577.0305168568368,201,507.0891243866645,9.76937326323241,226304
6,7,5,20,8,HeaSolver,0.09765625,0.09765625,327.1908479805779,201,503.9467302910052,10.082897078245878,226304
6,8,5,20,8,HeaSolver,0,0,145.29589839209504,201,505.7516650762409,9.979996150825173,226304
6,9,5,20,8,HeaSolver,0,0.09765625,351.12049251836885,201,501.4800206697546,10.171506109181792,226304
6,0,1,20,8,ChocoSolver,0,100.0,1.4280273430359862,29,1.7767986063845456,0.8985396986827254,32768
6,1,1,20,8,ChocoSolver,0,100.0,0.6441127227542052,31,0.8896024441346526,0.9148509288206697,35840
6,2,1,20,8,ChocoSolver,0,100.0,0.8511868983837023,30,1.0848917090333998,0.7939804699271917,34816
6,3,1,20,8,ChocoSolver,5.2734375,100.0,1.6241122144326252,30,1.8946123323403299,0.9976960932835937,34816
6,4,1,20,8,ChocoSolver,1.85546875,100.0,4.835937490328125,28,2.45507442811504,0.9705800795927644,31744
6,5,1,20,8,ChocoSolver,0,100.0,1.8302734356697263,33,2.6773664504289627,1.1530134067870677,37888
6,6,1,20,8,ChocoSolver,0,100.0,2.251220700310974,34,0.9354479950852692,1.0394742689095438,38912
6,7,1,20,8,ChocoSolver,100.0,100.0,0.0,26,0.7397688180208206,0.7000397285446525,29696
6,8,1,20,8,ChocoSolver,0,100.0,0.666992187291565,29,2.839285562746227,1.055786980316043,32768
6,9,1,20,8,ChocoSolver,3.7109375,100.0,0.8120492782215005,28,1.7021580748260021,0.8960729390382767,31744
7,0,5,24,12,PenaltySolver,0,0,405.1459957561283,95,326.67592601431534,20.783313607797027,107520
7,1,5,24,12,PenaltySolver,0,0.1953125,305.6235348506264,117,414.1970249977894,26.448421421460807,132096
7,2,5,24,12,PenaltySolver,0,0,239.5486556495302,86,295.9003108628094,19.176044634077698,97280
7,3,5,24,12,PenaltySolver,0,0,371.66015600222653,100,350.27554060006514,23.030557725112885,113664
7,4,5,24,12,PenaltySolver,0,0,402.2291867603255,92,319.6512713204138,20.980312840547413,104448
7,5,5,24,12,PenaltySolver,0,0,469.6550954537226,92,320.5248852749355,20.427736795973033,104448
7,6,5,24,12,PenaltySolver,0,0.29296875,265.3857418557678,123,425.4051856491715,27.34796544816345,139264
7,7,5,24,12,PenaltySolver,0,0,420.9292314902138,93,322.27632353594527,20.435598941985518,105472
7,8,5,24,12,PenaltySolver,0,1.171875,155.48012398942345,107,369.2866728566587,23.383529218379408,120832
7,9,5,24,12,PenaltySolver,0,0,473.44693931508846,119,409.00349391717464,24.259852338116616,134144
7,0,5,24,12,CyclicSolver,0,100.0,1.2499999989583332,140,134.65455911587924,37.14342550234869,158720
7,1,5,24,12,CyclicSolver,0,100.0,0.7999999992,142,137.74447824712843,39.30724426172674,160768
7,2,5,24,12,CyclicSolver,0,99.90234375,1.104549631703206,121,100.41383848059922,29.713126845657825,137216
7,3,5,24,12,CyclicSolver,0,98.53515625,2.246093748502604,116,112.98125820793211,28.220593316014856,131072
7,4,5,24,12,CyclicSolver,0,0,51.91827389333233,147,109.28705283859745,35.225936599541456,165888
7,5,5,24,12,CyclicSolver,0,98.6328125,1.4870383509208742,139,139.2988881287165,32.204654519911855,156672
7,6,5,24,12,CyclicSolver,0,0.09765625,101.89892565387633,126,120.57600359106436,29.876904181670398,142336
7,7,5,24,12,CyclicSolver,0,0.1953125,55.091861942438754,128,132.8098823176697,30.129984417464584,144384
7,8,5,24,12,CyclicSolver,0,99.21875,2.446691175031358,146,147.46780170872808,34.40573252411559,164864
7,9,5,24,12,CyclicSolver,0,0,135.84114560693143,144,127.02407187782228,32.525414797477424,162816
7,0,5,24,12,HeaSolver,0,0,512.7101232706582,201,689.991267691832,19.288145573809743,226304
7,1,5,24,12,HeaSolver,0,0.09765625,623.9886712510113,201,683.8775511523709,19.405170511454344,226304
7,2,5,24,12,HeaSolver,0,0,365.31537202775564,201,692.2587425261736,19.107966830953956,226304
7,3,5,24,12,HeaSolver,0,0,412.9315752455456,201,689.3205956239253,18.8447651672177,226304
7,4,5,24,12,HeaSolver,0,0,385.7689816924881,201,696.9864758756012,18.633495861664414,226304
7,5,5,24,12,HeaSolver,0,0,559.3710044630718,201,700.9719422138296,18.82718895096332,226304
7,6,5,24,12,HeaSolver,0,0,773.5443105565071,201,697.241268849466,18.92114576464519,226304
7,7,5,24,12,HeaSolver,0,0,412.50664034999556,201,685.5726315821521,18.847613276913762,226304
7,8,5,24,12,HeaSolver,0,0,368.73316844118636,201,690.6232851333916,18.76457694871351,226304
7,9,5,24,12,HeaSolver,0,0,1031.8689761448018,201,686.7161542945541,17.21594755211845,226304
7,0,1,24,12,ChocoSolver,0,100.0,1.0012207022906494,28,0.5281269466504455,0.5983647205866873,31744
7,1,1,24,12,ChocoSolver,0,100.0,1.4999999984999999,22,0.49771159514784813,0.487410691101104,25600
7,2,1,24,12,ChocoSolver,0,100.0,0.8235294112802768,29,0.598332304507494,0.6691065398044884,32768
7,3,1,24,12,ChocoSolver,8.0078125,100.0,1.0661458326225695,29,1.181713130325079,0.6655584746040404,32768
7,4,1,24,12,ChocoSolver,0,100.0,1.4374999991015625,24,0.6260644607245922,0.8552829585969448,27648
7,5,1,24,12,ChocoSolver,0,100.0,0.999999999090909,25,0.5869652102701366,0.5567450416274369,28672
7,6,1,24,12,ChocoSolver,0,100.0,3.354980464556274,36,2.31086762342602,1.2743797400034964,40960
7,7,1,24,12,ChocoSolver,0,100.0,1.739062498840625,27,0.8790928144007921,0.9324580323882401,30720
7,8,1,24,12,ChocoSolver,10.25390625,100.0,1.0701976096645895,29,1.44801921909675,0.8826786582358181,32768
7,9,1,24,12,ChocoSolver,0,100.0,2.837890620270182,28,0.8668600292876363,0.9456177498213947,31744
8,0,5,8,6,PenaltySolver,0.29296875,10.7421875,121102832031.25,125,29.202353791333735,10.943529333919287,141312
8,1,5,8,6,PenaltySolver,1.3671875,10.546875,88.16316098987448,119,29.888578791171312,12.473530502989888,134144
8,2,5,8,6,PenaltySolver,3.02734375,7.12890625,130.3589309894464,113,27.916672049555928,10.344450556207448,128000
8,3,5,8,6,PenaltySolver,1.171875,4.4921875,71.19303381461498,138,36.83417267585173,12.330440366175026,155648
8,4,5,8,6,PenaltySolver,0.1953125,0.78125,317.83219348069633,110,29.132938876282424,12.271410624030977,124928
8,5,5,8,6,PenaltySolver,6.34765625,13.28125,1138.3427620540724,117,30.607851618435234,12.124115416780114,132096
8,6,5,8,6,PenaltySolver,0.09765625,5.76171875,181.09407531961767,115,28.241654458921403,12.227711505256593,130048
8,7,5,8,6,PenaltySolver,6.0546875,10.9375,199.74316377715263,117,33.25225363159552,10.459554102271795,132096
8,8,5,8,6,PenaltySolver,0.5859375,1.07421875,194293750000.0,113,29.97076978487894,11.158158297184855,128000
8,9,5,8,6,PenaltySolver,6.4453125,6.4453125,61.691259734779365,113,30.04739981237799,12.067963536828756,128000
8,0,5,8,6,CyclicSolver,5.859375,12.890625,135238671875.0,127,15.137180507648736,20.232115897350013,143360
8,1,5,8,6,CyclicSolver,11.23046875,37.20703125,47.45552880964959,121,15.194189939647913,18.977894234471023,137216
8,2,5,8,6,CyclicSolver,11.23046875,47.36328125,39.58149854356227,149,11.339007882867008,22.726203671190888,167936
8,3,5,8,6,CyclicSolver,8.88671875,19.82421875,45.252278620693176,118,15.497925801668316,18.40162397827953,133120
8,4,5,8,6,CyclicSolver,23.6328125,42.28515625,79.55859361740235,129,10.574127338826656,20.68994179321453,145408
8,5,5,8,6,CyclicSolver,3.61328125,17.08984375,832.8505776089943,102,13.691918158438057,16.811806497629732,115712
8,6,5,8,6,CyclicSolver,0,96.875,6.930121520077642,196,11.882075279951096,25.49667014507577,221184
8,7,5,8,6,CyclicSolver,4.78515625,38.96484375,83.92898983545858,138,14.900771327316761,20.530869939830154,155648
8,8,5,8,6,CyclicSolver,11.62109375,43.5546875,47616992187.5,132,11.455535024870187,20.875347714871168,149504
8,9,5,8,6,CyclicSolver,9.86328125,14.94140625,39.442724589653636,101,13.103596291970462,16.638431397266686,114688
8,0,5,8,6,HeaSolver,1.46484375,3.7109375,205316894531.25,201,55.798573828302324,17.503489568363875,226304
8,1,5,8,6,HeaSolver,1.26953125,7.32421875,101.66932083525437,201,54.81665035150945,17.665250289719552,226304
8,2,5,8,6,HeaSolver,1.66015625,2.24609375,182.2806283854267,201,54.411499427165836,18.926175083965063,226304
8,3,5,8,6,HeaSolver,2.05078125,3.90625,75.43305117337053,201,54.0989026282914,19.47841303376481,226304
8,4,5,8,6,HeaSolver,0.87890625,2.63671875,332.46826116463626,201,56.763170816004276,17.351193866226822,226304
8,5,5,8,6,HeaSolver,0.5859375,4.6875,1355.532213007178,201,53.63585832901299,19.956656537018716,226304
8,6,5,8,6,HeaSolver,0.390625,2.44140625,223.7388235361235,201,57.03253222955391,17.16193919768557,226304
8,7,5,8,6,HeaSolver,5.56640625,7.2265625,191.3606303069848,201,53.61347283842042,20.26980897085741,226304
8,8,5,8,6,HeaSolver,0.1953125,2.63671875,201828320312.5,201,53.85400259774178,19.973030449356884,226304
8,9,5,8,6,HeaSolver,2.734375,3.90625,67.68999020053,201,55.899081335403025,17.377106852829456,226304
8,0,1,8,6,ChocoSolver,18.9453125,100.0,2487207031.25,30,0.3428356200456619,0.42105724196881056,34816
8,1,1,8,6,ChocoSolver,0.09765625,100.0,0.23189603347546459,30,0.20390690676867962,0.41010985616594553,34816
8,2,1,8,6,ChocoSolver,100.0,100.0,0.0,20,0.1793409171514213,0.2755116941407323,23552
8,3,1,8,6,ChocoSolver,99.90234375,100.0,0.0010308159716495467,28,0.1318320850841701,0.368495374917984,31744
8,4,1,8,6,ChocoSolver,100.0,100.0,0.0,26,0.16429707640782,0.3596790614537895,29696
8,5,1,8,6,ChocoSolver,24.4140625,100.0,7.2666014898339855,39,0.3565287524834275,0.49729853542521596,44032
8,6,1,8,6,ChocoSolver,0,100.0,1.0001085058332126,27,0.19956339383497834,0.3658972545526922,30720
8,7,1,8,6,ChocoSolver,100.0,100.0,0.0,20,0.13743121083825827,0.26482454035431147,23552
8,8,1,8,6,ChocoSolver,13.671875,100.0,1776367187.5,31,0.1948335417546332,0.405185139272362,35840
8,9,1,8,6,ChocoSolver,99.90234375,100.0,0.0009765624995117187,22,0.16463248943910003,0.3041068664751947,25600
9,0,5,15,8,PenaltySolver,0,0,347.7192004536775,102,295.2700901781209,8.87276669871062,115712
9,1,5,15,8,PenaltySolver,0.09765625,0.390625,1167.297522150675,122,342.5797694865614,10.057204914279282,138240
9,2,5,15,8,PenaltySolver,0,0,404.20052049649956,107,308.3338687280193,9.243041005916893,120832
9,3,5,15,8,PenaltySolver,0,0,339.4586836331087,89,257.2924071876332,7.655703017488122,100352
9,4,5,15,8,PenaltySolver,0,0,1708.2548771183172,119,348.1494884006679,9.97603009454906,134144
9,5,5,15,8,PenaltySolver,0,0.68359375,298.4109698034075,130,371.8483803453855,10.638506684917957,147456
9,6,5,15,8,PenaltySolver,0,0,379.8806814728357,99,272.89687446085736,8.572638941463083,111616
9,7,5,15,8,PenaltySolver,0,0.1953125,441.03222607246414,107,305.5588973732665,9.066292375791818,120832
9,8,5,15,8,PenaltySolver,0,0.1953125,683.32700795239,108,313.4793892269954,9.308705375064164,121856
9,9,5,15,8,PenaltySolver,0,0.1953125,241.45551201863583,99,286.9198756907135,5.214524444192648,111616
9,0,5,15,8,CyclicSolver,0,99.90234375,0.36741286029429776,137,91.48192159831524,14.90335595794022,154624
9,1,5,15,8,CyclicSolver,0,99.8046875,2.186848951043837,131,83.40600601769984,15.556554416194558,148480
9,2,5,15,8,CyclicSolver,0,99.8046875,0.545491536003757,149,96.31280755251646,14.292750555556267,167936
9,3,5,15,8,CyclicSolver,0,100.0,0.3846153843195266,142,74.75260314298794,14.1485943403095,160768
9,4,5,15,8,CyclicSolver,0,99.8046875,9.187499969375,132,87.91171239223331,15.31361201358959,149504
9,5,5,15,8,CyclicSolver,0,99.8046875,2.210774737741021,121,84.4486553077586,14.304140772204846,137216
9,6,5,15,8,CyclicSolver,0,99.8046875,0.7784090902014462,121,60.66198772192001,11.236273125279695,137216
9,7,5,15,8,CyclicSolver,0,99.4140625,1.9618055533757714,136,85.55406243959442,16.361840133089572,153600
9,8,5,15,8,CyclicSolver,0,99.8046875,2.5066964249904338,145,86.13745201425627,16.75397768151015,163840
9,9,5,15,8,CyclicSolver,0,100.0,0.8888888883950616,147,78.67481534788385,10.988229226786643,165888
9,0,5,15,8,HeaSolver,0,0.09765625,394.2581126774937,201,583.6851362804882,11.10598772065714,226304
9,1,5,15,8,HeaSolver,0,0.09765625,1491.2327424250575,201,577.9009397793561,11.680856200866401,226304
9,2,5,15,8,HeaSolver,0,0.09765625,427.008381805618,201,581.8106255186722,11.841085529420525,226304
9,3,5,15,8,HeaSolver,0,0.09765625,343.6784101923627,201,583.8073165011592,11.136881147976965,226304
9,4,5,15,8,HeaSolver,0,0.09765625,1711.7535750233214,201,576.57376212487,10.671072867233306,226304
9,5,5,15,8,HeaSolver,0,0.09765625,372.7305498195995,201,585.9944595065899,10.876583982259035,226304
9,6,5,15,8,HeaSolver,0,0.09765625,466.0104754286268,201,580.7424964094535,11.232606375589967,226304
9,7,5,15,8,HeaSolver,0,0.09765625,496.8467876423924,201,580.9868290256709,11.166789608541876,226304
9,8,5,15,8,HeaSolver,0,0.09765625,732.795618372792,201,577.6851299447007,11.293486920185387,226304
9,9,5,15,8,HeaSolver,0,0.09765625,247.61035142493867,201,567.869598575402,7.796517257578671,226304
9,0,1,15,8,ChocoSolver,0,100.0,0.30769230745562126,26,0.438384348526597,0.5885097095742822,29696
9,1,1,15,8,ChocoSolver,0,100.0,1.3157552039474827,36,0.6436809571459889,0.8173743230290711,40960
9,2,1,15,8,ChocoSolver,0,100.0,0.41699218715250647,28,0.5095848571509123,0.6462436956353486,31744
9,3,1,15,8,ChocoSolver,0,100.0,0.3846153843195266,18,0.3503264542669058,0.4386201547458768,20480
9,4,1,15,8,ChocoSolver,0,100.0,8.666666637777778,25,0.3677748912014067,0.5816890108399093,28672
9,5,1,15,8,ChocoSolver,0.09765625,100.0,0.5834960932637532,28,0.4843386122956872,0.6238467968069017,31744
9,6,1,15,8,ChocoSolver,0.09765625,100.0,0.6368075278301749,28,0.5110803698189557,0.6339033250696957,31744
9,7,1,15,8,ChocoSolver,99.8046875,100.0,0.0018446180535059797,26,0.4355611205101013,0.5945643675513566,29696
9,8,1,15,8,ChocoSolver,0,100.0,2.200055800428492,32,0.5742484522052109,0.7112893084995449,36864
9,9,1,15,8,ChocoSolver,0.09765625,100.0,0.8900824647832875,28,0.559902532491833,0.6416962123475969,31744
10,0,5,18,9,PenaltySolver,0,0.09765625,733.7969719224529,96,439.4069766802713,8.252040937077254,108544
10,1,5,18,9,PenaltySolver,0,0,294.16966473004226,101,465.5527329966426,8.338755000382662,114688
10,2,5,18,9,PenaltySolver,0,0.1953125,192.80476879987302,85,388.30041214311495,7.603686272632331,96256
10,3,5,18,9,PenaltySolver,0,0.1953125,367.77092607659216,121,545.0196354407817,9.995555404108018,137216
10,4,5,18,9,PenaltySolver,0,0.09765625,466.3305659399194,96,434.63302195072174,8.00664325710386,108544
10,5,5,18,9,PenaltySolver,0,0,162.15071609669675,89,405.9522748477757,6.52534683002159,100352
10,6,5,18,9,PenaltySolver,0,0.09765625,635.5989578036675,89,406.041843958199,6.4757025190629065,100352
10,7,5,18,9,PenaltySolver,0,0,525.8911127553588,103,471.255781869404,7.642679997719824,116736
10,8,5,18,9,PenaltySolver,0,0.09765625,235.68826416383118,109,503.572692561429,7.805545760784298,122880
10,9,5,18,9,PenaltySolver,0,0,849.8960494028933,89,405.3830728996545,6.4691617782227695,100352
10,0,5,18,9,CyclicSolver,0,100.0,1.1999999987999999,150,191.28481773892418,14.403253283817321,169984
10,1,5,18,9,CyclicSolver,0,100.0,1.1052631573130194,122,151.57782194251195,12.050130395684391,138240
10,2,5,18,9,CyclicSolver,0.09765625,0.29296875,105.02372228696927,97,439.00526653882116,9.535854590125382,109568
10,3,5,18,9,CyclicSolver,0,99.8046875,1.9674944182375038,143,170.09830009797588,13.391200492158532,161792
10,4,5,18,9,CyclicSolver,0,99.90234375,3.6769531213230464,137,148.0058648828417,13.349353102967143,154624
10,5,5,18,9,CyclicSolver,0,99.70703125,0.7675189391613578,122,134.01943249069154,11.05180952558294,138240
10,6,5,18,9,CyclicSolver,0,100.0,1.0833333324305554,119,116.73656686628237,10.375022715888917,134144
10,7,5,18,9,CyclicSolver,0,99.8046875,4.451757808048241,136,122.98023387230933,12.117290793918073,153600
10,8,5,18,9,CyclicSolver,0,100.0,1.0869565212665406,112,96.59214695030823,10.221620895434171,126976
10,9,5,18,9,CyclicSolver,0,99.90234375,2.7524956566638936,140,166.42823833832517,10.636922312900424,158720
10,0,5,18,9,HeaSolver,0,0,745.5915031606585,201,914.0501069179736,10.539844491984695,226304
10,1,5,18,9,HeaSolver,0,0.09765625,312.6798929275369,201,920.9997687628493,10.442073747515678,226304
10,2,5,18,9,HeaSolver,0,0.09765625,219.5312092184245,201,926.5493750236928,10.37766989460215,226304
10,3,5,18,9,HeaSolver,0,0,532.1301614502642,201,918.2655732012354,10.158045439980924,226304
10,4,5,18,9,HeaSolver,0,0.09765625,595.2836908109663,201,916.2102247341536,10.348209212999791,226304
10,5,5,18,9,HeaSolver,0,0,159.62369786829584,201,924.3915705163963,9.4181490377523,226304
10,6,5,18,9,HeaSolver,0,0,637.0866693909694,201,935.360949551221,9.650143692735583,226304
10,7,5,18,9,HeaSolver,0,0,612.1121087628878,201,923.4084277795628,9.503363519441336,226304
10,8,5,18,9,HeaSolver,0,0,229.29925261769597,201,933.2698738090694,9.340685010887682,226304
10,9,5,18,9,HeaSolver,0,0,849.6526683267747,201,933.5703209354542,9.498686934355646,226304
10,0,1,18,9,ChocoSolver,0,100.0,1.2012695300487304,30,0.7374667515978217,0.8388543673790991,34816
10,1,1,18,9,ChocoSolver,0,100.0,0.7894736837950138,19,0.4638843294233084,0.5615548742935061,21504
10,2,1,18,9,ChocoSolver,100.0,100.0,0.0,20,0.4594122958369553,0.540007091127336,23552
10,3,1,18,9,ChocoSolver,13.18359375,100.0,1.085518972438915,28,0.8784275338985026,0.7740207239985466,31744
10,4,1,18,9,ChocoSolver,100.0,100.0,0.0,23,0.38591921888291836,0.6432390571571887,26624
10,5,1,18,9,ChocoSolver,0,100.0,0.21212121205693296,22,0.4766579899005592,0.5873074717819691,25600
10,6,1,18,9,ChocoSolver,6.4453125,100.0,1.3759765613533528,28,0.859705738723278,0.7836273172870278,31744
10,7,1,18,9,ChocoSolver,0,100.0,3.0015624969984374,31,0.7117198724299669,0.8608265407383442,35840
10,8,1,18,9,ChocoSolver,14.35546875,100.0,1.0661090348625613,28,0.7562624183483422,0.7524575479328632,31744
10,9,1,18,9,ChocoSolver,0,100.0,2.334418400183979,35,1.0864056330174208,0.9821693571284413,39936
11,0,5,21,10,PenaltySolver,0,0,561.4393775729312,94,643.2266417429782,9.448461691848934,106496
11,1,5,21,10,PenaltySolver,0,0,834010742187.5,86,590.460645026993,8.705010022036731,97280
11,2,5,21,10,PenaltySolver,0,0,359.5828855174482,116,857.3152806749567,11.551789461169392,131072
11,3,5,21,10,PenaltySolver,0,0,567.1192215326089,91,677.0487855044194,8.784070723224431,103424
11,4,5,21,10,PenaltySolver,0,0,698.5586583884609,88,658.4662800398655,8.37639868631959,99328
11,5,5,21,10,PenaltySolver,0,0,1340.8841123485265,101,691.395890571177,9.621983077842742,114688
11,6,5,21,10,PenaltySolver,0,0,631.0449213491291,86,585.4436266841367,8.294560607988387,97280
11,7,5,21,10,PenaltySolver,0,0,270.46599774637906,110,764.5013053156435,10.261653834488243,124928
11,8,5,21,10,PenaltySolver,0,0,954.5387065186011,99,675.4490530751646,9.203882977832109,111616
11,9,5,21,10,PenaltySolver,0,0,514.9365928241524,84,569.189282309264,7.605087925679982,95232
11,0,5,21,10,CyclicSolver,0,99.8046875,1.5048076911501478,135,260.1595827168785,14.873030994087458,152576
11,1,5,21,10,CyclicSolver,0,100.0,4000000000.0,152,274.343646903988,16.398328859359026,172032
11,2,5,21,10,CyclicSolver,0,99.8046875,0.8476562494702148,125,304.33583501307294,13.852509588003159,141312
11,3,5,21,10,CyclicSolver,0,100.0,0.666666666111111,134,179.274602426216,14.302495472598821,151552
11,4,5,21,10,CyclicSolver,0,100.0,0.9999999993333333,138,235.809267337434,14.236963137518615,155648
11,5,5,21,10,CyclicSolver,0,100.0,6.166666656388889,138,243.90046371147037,14.796853464562446,155648
11,6,5,21,10,CyclicSolver,0,99.8046875,2.628743487392714,122,272.0040407893248,12.981454516761005,138240
11,7,5,21,10,CyclicSolver,0,0.29296875,143.02383693783005,85,579.1867919550277,8.854640108998865,96256
11,8,5,21,10,CyclicSolver,0,99.8046875,1.777432526793243,128,270.3052092748694,13.546907196287066,144384
11,9,5,21,10,CyclicSolver,0,100.0,3.3571428547448976,134,240.7829810702242,13.73090499592945,151552
11,0,5,21,10,HeaSolver,0,0,804.8643323135658,201,1373.0445924107917,10.817792908288538,226304
11,1,5,21,10,HeaSolver,0,0,817658496093.75,201,1362.9912965674885,10.796597014646977,226304
11,2,5,21,10,HeaSolver,0,0,463.4181515658324,201,1363.8011729684658,10.586080394219607,226304
11,3,5,21,10,HeaSolver,0,0,544.7932124366306,201,1365.6222442048602,9.960690972860903,226304
11,4,5,21,10,HeaSolver,0,0,691.9343094345437,201,1357.7617615768686,10.068298239260912,226304
11,5,5,21,10,HeaSolver,0,0,1344.4772113008714,201,1367.0033882148564,10.232406719122082,226304
11,6,5,21,10,HeaSolver,0,0,604.9477534021269,201,1356.1070585171692,9.949313334655017,226304
11,7,5,21,10,HeaSolver,0,0,295.0479402067964,201,1359.1451323726214,9.864048809744418,226304
11,8,5,21,10,HeaSolver,0,0,932.0730637833426,201,1374.1745966840535,10.266971730161458,226304
11,9,5,21,10,HeaSolver,0,0,571.7841792790827,201,1360.3488740925677,7.754213897977024,226304
11,0,1,21,10,ChocoSolver,0,100.0,1.75488281115009,28,1.4197697695344687,0.9188862722367048,31744
11,1,1,21,10,ChocoSolver,0,100.0,3000000000.0,23,0.6748215635307133,0.7452225564047694,26624
11,2,1,21,10,ChocoSolver,0,100.0,0.25476074202827453,30,0.9251096518710256,0.9933113921433687,34816
11,3,1,21,10,ChocoSolver,0,100.0,1.8333333318055554,20,0.6785371378064156,0.6490671373903751,23552
11,4,1,21,10,ChocoSolver,0,100.0,1.9313151028791231,34,1.7318533072248101,1.1168088437989354,38912
11,5,1,21,10,ChocoSolver,0,100.0,4.849934887750108,30,1.5866770935244858,1.004152100533247,34816
11,6,1,21,10,ChocoSolver,0,100.0,0.24999999979166665,26,0.8626030087471008,0.8446651459671557,29696
11,7,1,21,10,ChocoSolver,0.09765625,100.0,1.0470525563422488,31,1.1037237397395074,0.9822189402766526,35840
11,8,1,21,10,ChocoSolver,0,100.0,1.3880504248744996,27,1.2711526677012444,0.8748630844056606,30720
11,9,1,21,10,ChocoSolver,0,100.0,0.3571428568877551,23,0.6134735862724483,0.7570016300305724,26624
12,0,5,7,4,PenaltySolver,3.02734375,7.2265625,41.65805661979597,111,13.924287986010313,15.78988830698654,125952
12,1,5,7,4,PenaltySolver,0.09765625,6.34765625,29.924696169472334,105,13.235032104887068,14.931784622836858,118784
12,2,5,7,4,PenaltySolver,0.5859375,4.1015625,62.527893027326314,96,12.95201205695048,14.591335760895163,108544
12,3,5,7,4,PenaltySolver,3.90625,7.421875,219.88232366904418,107,13.323793332092464,15.725736061111093,120832
12,4,5,7,4,PenaltySolver,2.05078125,7.8125,55.370422328674735,116,15.729486769996583,14.869685927871615,131072
12,5,5,7,4,PenaltySolver,0.1953125,4.19921875,67.52677403226934,111,14.488297883886844,14.69332955405116,125952
12,6,5,7,4,PenaltySolver,3.61328125,4.98046875,38.36576333036843,96,12.765005259774625,14.10438745515421,108544
12,7,5,7,4,PenaltySolver,2.9296875,8.10546875,64.27692517730219,98,12.428912061732262,14.624471090268344,110592
12,8,5,7,4,PenaltySolver,1.3671875,7.421875,38.51660154709336,117,14.834328382275999,15.68404735531658,132096
12,9,5,7,4,PenaltySolver,1.953125,4.78515625,105.48193346189757,120,14.532938731834292,16.384253975003958,136192
12,0,5,7,4,CyclicSolver,12.20703125,24.31640625,20.95541991139729,114,7.144129515625536,22.437736315652728,129024
12,1,5,7,4,CyclicSolver,6.640625,24.31640625,19.80146845331427,100,6.429932456929237,20.417263119015843,113664
12,2,5,7,4,CyclicSolver,17.28515625,38.28125,26.58398435838501,113,7.342139069922268,22.383516955189407,128000
12,3,5,7,4,CyclicSolver,24.4140625,33.49609375,113.31347627921632,115,7.099022399168462,21.786507423967123,130048
12,4,5,7,4,CyclicSolver,6.640625,37.40234375,28.622436505548475,123,7.997344897128642,22.51966149592772,139264
12,5,5,7,4,CyclicSolver,16.89453125,33.30078125,38.83764645201029,133,7.596053414512426,24.170966586563736,150528
12,6,5,7,4,CyclicSolver,98.046875,98.046875,0.43103027325790405,132,4.07326887967065,25.88351311441511,149504
12,7,5,7,4,CyclicSolver,1.3671875,38.4765625,26.9012974138205,127,7.370035863015801,23.66344769205898,143360
12,8,5,7,4,CyclicSolver,12.98828125,38.57421875,17.639374992944248,132,6.7570708389393985,24.431077934335917,149504
12,9,5,7,4,CyclicSolver,0.87890625,37.40234375,57.69165031851043,125,8.183629392180592,23.153241377789527,141312
12,0,5,7,4,HeaSolver,1.66015625,7.51953125,45.71396482089302,201,28.169586456380785,26.288390707224607,226304
12,1,5,7,4,HeaSolver,4.296875,7.12890625,31.455005775387033,201,27.379230983555317,27.641408298164606,226304
12,2,5,7,4,HeaSolver,5.56640625,11.1328125,59.082397424011,201,27.2378745037131,27.632539813872427,226304
12,3,5,7,4,HeaSolver,4.8828125,10.9375,234.33105410167238,201,27.726265107281506,26.651124882977456,226304
12,4,5,7,4,HeaSolver,1.66015625,7.91015625,59.87719722820175,201,28.171953442972153,25.93133815517649,226304
12,5,5,7,4,HeaSolver,1.66015625,7.91015625,79.69059238150784,201,28.178870858158916,25.926972709596157,226304
12,6,5,7,4,HeaSolver,4.1015625,7.8125,35.88370766734012,201,27.364902378059924,27.667270655743778,226304
12,7,5,7,4,HeaSolver,3.125,7.91015625,61.32596256780288,201,26.91943734092638,28.22545224521309,226304
12,8,5,7,4,HeaSolver,5.37109375,12.98828125,37.600390609959845,201,28.695436369627714,26.04641294758767,226304
12,9,5,7,4,HeaSolver,4.78515625,11.03515625,116.54064926838667,201,27.225422303192317,28.55506663164124,226304
12,0,1,7,4,ChocoSolver,100.0,100.0,0.0,22,0.10216580191627145,0.25364965107291937,25600
12,1,1,7,4,ChocoSolver,99.8046875,100.0,0.0005787037034893689,21,0.09678087430074811,0.2797261574305594,24576
12,2,1,7,4,ChocoSolver,100.0,100.0,0.0,23,0.10594758996739984,0.26064467895776033,26624
12,3,1,7,4,ChocoSolver,100.0,100.0,0.0,24,0.09219189221039414,0.2758251349441707,27648
12,4,1,7,4,ChocoSolver,0,100.0,0.624999999609375,21,0.09372859122231603,0.2431974676437676,24576
12,5,1,7,4,ChocoSolver,0,100.0,0.666666666111111,23,0.11188779678195715,0.27333795139566064,26624
12,6,1,7,4,ChocoSolver,99.8046875,100.0,0.00048828124979654946,27,0.15572847751900554,0.32911498146131635,30720
12,7,1,7,4,ChocoSolver,100.0,100.0,0.0,22,0.12282469449564815,0.2796985483728349,25600
12,8,1,7,4,ChocoSolver,0,100.0,0.08011718746795313,24,0.11270210985094309,0.2728849407285452,27648
12,9,1,7,4,ChocoSolver,0,100.0,0.9999999987499999,21,0.08658782299607992,0.23258832283318043,24576
13,0,5,10,5,PenaltySolver,0,6.4453125,325.1624338119586,138,50.83924967609346,8.970872733276337,155648
13,1,5,10,5,PenaltySolver,0.29296875,0.87890625,73.1037868517479,96,31.91474298480898,7.303466075100005,108544
13,2,5,10,5,PenaltySolver,0.1953125,1.46484375,227.81461550572564,98,41.522395769599825,7.17422848334536,110592
13,3,5,10,5,PenaltySolver,0.09765625,0.9765625,104.65415729131846,114,50.41152747813612,8.338995932135731,129024
13,4,5,10,5,PenaltySolver,0.1953125,0.390625,298.58671815282656,115,50.68141097947955,7.973172551486641,130048
13,5,5,10,5,PenaltySolver,0,4.4921875,80.5627789603123,102,39.00483263889328,7.783021307084709,115712
13,6,5,10,5,PenaltySolver,0,1.3671875,545.0318992248937,93,42.46741888625547,7.402636881452054,105472
13,7,5,10,5,PenaltySolver,0,8.0078125,112.23251055137953,114,44.90886908955872,8.245965578593314,129024
13,8,5,10,5,PenaltySolver,0.1953125,0.78125,389.0686025429535,124,64.60690567316487,8.431650339625776,140288
13,9,5,10,5,PenaltySolver,0.5859375,1.3671875,103.08040357711306,128,66.77660588501021,5.122986460104585,144384
13,0,5,10,5,CyclicSolver,1.7578125,9.9609375,317.99609269001303,139,32.40339868655428,12.292910370510072,156672
13,1,5,10,5,CyclicSolver,1.5625,7.51953125,56.88102210381609,111,28.684952516574413,11.759098108392209,125952
13,2,5,10,5,CyclicSolver,0.29296875,7.71484375,170.1892900809345,109,27.694669651333243,11.590198085643351,122880
13,3,5,10,5,CyclicSolver,0,0.78125,28.660714265242344,136,13.524320002645254,14.704988217446953,153600
13,4,5,10,5,CyclicSolver,1.171875,11.23046875,146.29414033241173,133,25.134240957908332,13.098309841006994,150528
13,5,5,10,5,CyclicSolver,0,100.0,1.2142857134183673,126,9.84727280260995,14.625830190256238,142336
13,6,5,10,5,CyclicSolver,0,100.0,6.333333312222223,109,8.637044268660247,12.284176252316684,122880
13,7,5,10,5,CyclicSolver,0,0.09765625,74.03036214860876,142,16.728244348894805,14.48073809593916,160768
13,8,5,10,5,CyclicSolver,0,99.8046875,1.1938476532653808,139,8.997696423903108,16.295383254997432,156672
13,9,5,10,5,CyclicSolver,0,100.0,0.5333333329777777,117,7.844198373146355,8.115324379876256,132096
13,0,5,10,5,HeaSolver,0.09765625,1.66015625,627.1588520761371,201,118.24513662513345,15.448290226049721,226304
13,1,5,10,5,HeaSolver,0.87890625,2.05078125,100.42805984003996,201,119.74633033154532,14.22238011052832,226304
13,2,5,10,5,HeaSolver,0.390625,1.07421875,307.1280919360365,201,119.92365993047133,13.224805663339794,226304
13,3,5,10,5,HeaSolver,0.390625,1.07421875,131.57024265155695,201,119.10544431302696,13.5008654743433,226304
13,4,5,10,5,HeaSolver,0,1.953125,383.1316398587367,201,118.63921190565452,14.581012370064855,226304
13,5,5,10,5,HeaSolver,0.390625,1.953125,136.53215671051274,201,119.44792110519484,13.950499199796468,226304
13,6,5,10,5,HeaSolver,0.1953125,1.953125,635.5595681939682,201,120.19812615169212,12.396800468210131,226304
13,7,5,10,5,HeaSolver,0.09765625,1.7578125,171.53595509974002,201,119.02990372246131,14.762586616910994,226304
13,8,5,10,5,HeaSolver,0.390625,1.953125,474.90600467211,201,120.13485065847635,13.756561766378582,226304
13,9,5,10,5,HeaSolver,0,1.5625,121.30716137746188,201,107.43468252988532,5.75593978818506,226304
13,0,1,10,5,ChocoSolver,0,100.0,4.544270818185764,34,0.41848638793453574,0.5433494639582932,38912
13,1,1,10,5,ChocoSolver,0,100.0,0.2783203123453776,23,0.20063178474083543,0.39507793821394444,26624
13,2,1,10,5,ChocoSolver,0,100.0,2.1666666630555556,24,0.18972216313704848,0.34838314400985837,27648
13,3,1,10,5,ChocoSolver,0,100.0,0.7154715396675203,27,0.26679860102012753,0.3806528188288212,30720
13,4,1,10,5,ChocoSolver,100.0,100.0,0.0,22,0.14732551714405417,0.37032052874565125,25600
13,5,1,10,5,ChocoSolver,0,100.0,0.7666015619524275,28,0.32692971592769027,0.451258793938905,31744
13,6,1,10,5,ChocoSolver,0,100.0,2.99999999,17,0.17497717775404453,0.2815689453855157,19456
13,7,1,10,5,ChocoSolver,0,100.0,0.6228693176155733,29,0.32484104624018073,0.4784509758464992,32768
13,8,1,10,5,ChocoSolver,99.90234375,100.0,0.0012207031219482422,30,0.24015582771971822,0.49091624934226274,34816
13,9,1,10,5,ChocoSolver,0,100.0,0.20078124986614582,26,0.2082812488079071,0.426847574301064,29696
14,0,5,14,6,PenaltySolver,0,0.390625,93.8289155059148,108,183.7725217542611,7.315199115779251,121856
14,1,5,14,6,PenaltySolver,0.09765625,0.87890625,107.6167968211916,108,207.2577625582926,7.303765302058309,121856
14,2,5,14,6,PenaltySolver,0,0.09765625,123.94157851165201,93,174.14897931180894,6.524374455213547,105472
14,3,5,14,6,PenaltySolver,0,0.29296875,96.62406989446472,114,210.31411633035168,7.566938186530024,129024
14,4,5,14,6,PenaltySolver,0,1.07421875,72.28964840135518,121,200.31553956540301,8.137730536982417,137216
14,5,5,14,6,PenaltySolver,0.48828125,0.9765625,160.72979254463093,104,192.23787625692785,6.240991216152906,117760
14,6,5,14,6,PenaltySolver,0,0.09765625,149.4086656286007,111,244.24327080277726,6.573383937124163,125952
14,7,5,14,6,PenaltySolver,0,0.09765625,164.47684962751362,109,240.311305006966,6.325023795012385,122880
14,8,5,14,6,PenaltySolver,0,0.48828125,126.35147366415842,127,283.78383746091276,7.369685570243746,143360
14,9,5,14,6,PenaltySolver,0,0.29296875,125.34761713736096,94,200.43662262521684,5.638895950745791,106496
14,0,5,14,6,CyclicSolver,0.09765625,1.85546875,70.18354721360306,112,142.51834714831784,8.757960558868945,126976
14,1,5,14,6,CyclicSolver,0,5.46875,54.02158200423921,137,77.517948360648,9.86505651846528,154624
14,2,5,14,6,CyclicSolver,0,0,24.278320298218635,122,58.91799555020407,8.789706086739898,138240
14,3,5,14,6,CyclicSolver,0,4.19921875,62.04822355676275,133,144.34356635948643,9.60034949844703,150528
14,4,5,14,6,CyclicSolver,0,5.859375,60.43735348540632,121,112.3197181597352,9.160184545442462,137216
14,5,5,14,6,CyclicSolver,0,0,30.13469048162716,118,34.96460335096344,7.557163845747709,133120
14,6,5,14,6,CyclicSolver,0,99.90234375,0.5672800161488,122,34.29501192364842,7.758988087065518,138240
14,7,5,14,6,CyclicSolver,0.1953125,4.58984375,77.72087541384066,127,165.0589367011562,7.9721234906464815,143360
14,8,5,14,6,CyclicSolver,0,0.1953125,19.180664053781516,109,25.65023489948362,6.8356514777988195,122880
14,9,5,14,6,CyclicSolver,0,2.05078125,64.55632809917746,97,140.13660360267386,6.097937840037048,109568
14,0,5,14,6,HeaSolver,0,0.390625,144.80250179116547,201,431.44077612040564,9.68958607595414,226304
14,1,5,14,6,HeaSolver,0,0.390625,160.8684081226908,201,458.81799704488367,9.479465316049755,226304
14,2,5,14,6,HeaSolver,0,0.1953125,186.96783077237185,201,467.4150902647525,9.321607191581279,226304
14,3,5,14,6,HeaSolver,0,0.390625,144.90173914230868,201,446.85123191354796,9.2679392285645,226304
14,4,5,14,6,HeaSolver,0,0.29296875,152.37612297068694,201,434.6819302882068,9.31586511619389,226304
14,5,5,14,6,HeaSolver,0,0.29296875,235.92765907332486,201,428.66075092880055,8.411701600532979,226304
14,6,5,14,6,HeaSolver,0,0.29296875,172.54286586313532,201,458.0159418322146,8.384072036948055,226304
14,7,5,14,6,HeaSolver,0,0.29296875,189.01194841822826,201,480.54395295493305,8.293886297382414,226304
14,8,5,14,6,HeaSolver,0,0.29296875,149.40696015936047,201,458.8192711621523,8.481756372842938,226304
14,9,5,14,6,HeaSolver,0,0.390625,123.19589838822164,201,425.54852890083566,8.479938330128789,226304
14,0,1,14,6,ChocoSolver,0,100.0,0.3333333331746032,28,0.24433107022196054,0.5400214130058885,31744
14,1,1,14,6,ChocoSolver,22.36328125,100.0,0.843505858953247,35,0.6863927110098302,0.7676508841104805,39936
14,2,1,14,6,ChocoSolver,0,100.0,0.1771599263663765,33,0.35795622458681464,0.7440006341785192,37888
14,3,1,14,6,ChocoSolver,0,100.0,0.3333333331746032,21,0.3150845537893474,0.45855892403051257,24576
14,4,1,14,6,ChocoSolver,0,100.0,0.29999999985,29,0.3984590652398765,0.5753495385870337,32768
14,5,1,14,6,ChocoSolver,0,100.0,0.23174579309096477,27,0.4094880730845034,0.545544418040663,30720
14,6,1,14,6,ChocoSolver,0,100.0,0.3164576478597591,27,0.3791685872711241,0.610890619456768,30720
14,7,1,14,6,ChocoSolver,0,100.0,0.5895565253884961,29,0.7062032707035542,0.6490830164402723,32768
14,8,1,14,6,ChocoSolver,0,100.0,0.3639470879027513,32,0.43587381625548005,0.573474844917655,36864
14,9,1,14,6,ChocoSolver,0,100.0,0.3638671873544531,28,0.4878472792916,0.5390066178515553,31744
15,0,5,18,7,PenaltySolver,0,0,215.5809042812839,102,298.4833105527796,6.667722745798528,115712
15,1,5,18,7,PenaltySolver,0,0.1953125,170.0502671802367,96,308.059292673599,6.66464728442952,108544
15,2,5,18,7,PenaltySolver,0,0.09765625,298.46845673278153,108,350.0582818496041,7.263516911305487,121856
15,3,5,18,7,PenaltySolver,0,0.1953125,267.8819899905884,98,319.7003809437156,5.985278523527086,110592
15,4,5,18,7,PenaltySolver,0,0.09765625,293.69602845003595,110,355.23778318753466,6.863768655341119,124928
15,5,5,18,7,PenaltySolver,0,0.09765625,262.9880857621746,109,351.05939258262515,6.860271276440471,122880
15,6,5,18,7,PenaltySolver,0,0.09765625,385.0350161910214,123,383.1184552218765,7.401748093310744,139264
15,7,5,18,7,PenaltySolver,0,0.09765625,243.35111838672623,110,353.04864660976455,6.7836359133943915,124928
15,8,5,18,7,PenaltySolver,0,0.09765625,148.41302073439132,110,340.59181523136795,6.801686136517674,124928
15,9,5,18,7,PenaltySolver,0,0.09765625,301.7858070401785,107,329.0966363521293,4.664510420057923,120832
15,0,5,18,7,CyclicSolver,0,3.125,109.61493380991158,117,167.4307390982285,9.247131294570863,132096
15,1,5,18,7,CyclicSolver,0,0,41.77852588261656,141,104.91603231756017,10.36049846932292,159744
15,2,5,18,7,CyclicSolver,0,100.0,0.29999999969999996,124,90.99877320881933,9.681176932062954,140288
15,3,5,18,7,CyclicSolver,0,0.78125,105.03196951708843,111,258.2839778084308,8.32448845449835,125952
15,4,5,18,7,CyclicSolver,0,0.09765625,54.39999996373333,137,80.67924039624631,9.361216319724917,154624
15,5,5,18,7,CyclicSolver,0,0,53.47884111018077,134,67.43937091715634,9.890657058916986,151552
15,6,5,18,7,CyclicSolver,0,0.29296875,167.06459239526487,125,93.91480588866398,8.520416172221303,141312
15,7,5,18,7,CyclicSolver,0,2.734375,129.69078468323565,125,245.08811018848792,9.28773362049833,141312
15,8,5,18,7,CyclicSolver,0,0.5859375,54.48964840117357,136,136.08012687088922,9.305569363292307,153600
15,9,5,18,7,CyclicSolver,0,0.390625,103.13696280467752,143,155.89036652306095,9.800427068024874,161792
15,0,5,18,7,HeaSolver,0,0,388.37086809067625,201,657.4852900626138,9.208673396147788,226304
15,1,5,18,7,HeaSolver,0,0.09765625,276.41252041373025,201,703.2720464277081,9.519025181420147,226304
15,2,5,18,7,HeaSolver,0,0.09765625,524.7376947877623,201,711.414235971868,9.469600547105074,226304
15,3,5,18,7,HeaSolver,0,0,265.953895830419,201,655.3770667384379,9.209257213864475,226304
15,4,5,18,7,HeaSolver,0,0.09765625,338.5352211284765,201,653.2651726049371,9.062673746142536,226304
15,5,5,18,7,HeaSolver,0,0.09765625,336.6857419630428,201,660.8285428127274,9.287640148308128,226304
15,6,5,18,7,HeaSolver,0,0,719.0517567852833,201,651.0873274081387,8.986454675905406,226304
15,7,5,18,7,HeaSolver,0,0,457.70197046458907,201,653.4648234364577,8.804128851275891,226304
15,8,5,18,7,HeaSolver,0,0,333.23834613200773,201,647.3868157495745,9.062536647543311,226304
15,9,5,18,7,HeaSolver,0,0,416.1398922313417,201,654.3199921315536,6.068531631026417,226304
15,0,1,18,7,ChocoSolver,0,100.0,0.6153846149112425,29,0.5296440897509456,0.7282180194742978,32768
15,1,1,18,7,ChocoSolver,0,100.0,0.8427220390301463,27,0.5736073232255876,0.6129781366325915,30720
15,2,1,18,7,ChocoSolver,0,100.0,0.5999999993999999,20,0.4338164683431387,0.5941075347363949,23552
15,3,1,18,7,ChocoSolver,0,100.0,0.7275390621170846,31,0.7594351153820753,0.8894969346001744,35840
15,4,1,18,7,ChocoSolver,0,100.0,1.2677083324881944,31,0.6159232486970723,0.7830462772399187,35840
15,5,1,18,7,ChocoSolver,0,100.0,1.3999999990666665,25,0.5260778740048409,0.7238335511647165,28672
15,6,1,18,7,ChocoSolver,0,100.0,1.5206473192562182,28,0.6006470532156527,0.7280229409225285,31744
15,7,1,18,7,ChocoSolver,0,100.0,0.4549005677682722,27,0.5157538373023272,0.6946198297664523,30720
15,8,1,18,7,ChocoSolver,0,100.0,0.5333333329777777,29,0.5394923975691199,0.8335094507783651,32768
15,9,1,18,7,ChocoSolver,0,100.0,1.507568358118693,29,0.6049627526663244,0.7287752483971417,32768
16,0,5,9,4,PenaltySolver,0.68359375,2.34375,774.8530234694849,91,66.60285165440291,6.89416287234053,103424
16,1,5,9,4,PenaltySolver,7.91015625,11.62109375,590.5913056407935,112,39.445423821453005,8.261043418198824,126976
16,2,5,9,4,PenaltySolver,1.171875,6.4453125,1201.2167848628321,100,51.840682971291244,7.139058454893529,113664
16,3,5,9,4,PenaltySolver,3.3203125,7.32421875,727.5107385499464,98,51.86245392728597,7.111569184809923,110592
16,4,5,9,4,PenaltySolver,7.6171875,18.84765625,309.4374984528125,139,57.93146568676457,9.046716794371605,156672
16,5,5,9,4,PenaltySolver,1.26953125,2.63671875,905.9086868767066,110,89.02218605624512,7.03377770492807,124928
16,6,5,9,4,PenaltySolver,3.7109375,5.078125,660.0473599810132,100,38.956828493159264,7.769125358667225,113664
16,7,5,9,4,PenaltySolver,1.7578125,6.73828125,481.7470679037647,137,52.90086446981877,9.159172947052866,154624
16,8,5,9,4,PenaltySolver,4.58984375,9.27734375,675.7968716210156,117,59.37806850299239,8.207687889225781,132096
16,9,5,9,4,PenaltySolver,3.515625,5.46875,652.8505826732471,120,45.38587297638878,8.90140806697309,136192
16,0,5,9,4,CyclicSolver,11.03515625,20.60546875,310.7739242273804,113,53.3877609227784,8.292252334300429,128000
16,1,5,9,4,CyclicSolver,7.91015625,11.62109375,590.5913056407935,112,41.810393541585654,8.665221855044365,126976
16,2,5,9,4,CyclicSolver,26.171875,52.05078125,301.2626922998731,114,27.533276822417974,8.31182035850361,129024
16,3,5,9,4,CyclicSolver,1.5625,14.16015625,389.77538867612304,119,42.62611942598596,8.733012592885643,134144
16,4,5,9,4,CyclicSolver,15.8203125,38.76953125,178.59374910703127,130,38.07292500184849,9.605782059021294,147456
16,5,5,9,4,CyclicSolver,4.6875,14.84375,256.98583855882083,132,43.92888028221205,9.786818673834205,149504
16,6,5,9,4,CyclicSolver,3.7109375,5.078125,660.0473599810132,100,40.97453381679952,7.104031396098435,113664
16,7,5,9,4,CyclicSolver,1.7578125,6.73828125,481.7470679037647,137,55.75078208837658,9.030582725536078,154624
16,8,5,9,4,CyclicSolver,3.61328125,10.83984375,393.5063456887183,108,37.26901114359498,8.272301766555756,121856
16,9,5,9,4,CyclicSolver,3.515625,5.46875,652.8505826732471,120,46.657460193149745,8.79653644375503,136192
16,0,5,9,4,HeaSolver,1.07421875,3.515625,778.1723593903882,201,155.55926058022305,10.290379204787314,226304
16,1,5,9,4,HeaSolver,0.68359375,3.02734375,799.8881795943091,201,90.43012919044122,10.788115902803838,226304
16,2,5,9,4,HeaSolver,0.5859375,4.296875,1502.2665865398342,201,111.60314444592223,11.007527877110988,226304
16,3,5,9,4,HeaSolver,0.87890625,6.54296875,745.9614220514429,201,115.56315660243854,10.622157995589077,226304
16,4,5,9,4,HeaSolver,2.83203125,4.8828125,743.0351525348243,201,113.79139536619186,10.647274180781096,226304
16,5,5,9,4,HeaSolver,0.5859375,3.80859375,772.9326133228369,201,178.291947549209,10.232300439849496,226304
16,6,5,9,4,HeaSolver,1.3671875,5.2734375,748.68798453781,201,87.75983191747218,11.54469047440216,226304
16,7,5,9,4,HeaSolver,2.5390625,5.078125,688.9243129616284,201,88.84702533949167,10.913037836086005,226304
16,8,5,9,4,HeaSolver,1.7578125,3.125,731.4897424363013,201,111.9605826321058,10.57703459309414,226304
16,9,5,9,4,HeaSolver,0.87890625,3.3203125,757.6684532429077,201,87.9098717207089,11.759766984265298,226304
16,0,1,9,4,ChocoSolver,100.0,100.0,0.0,23,0.24782814690843225,0.2926819291897118,26624
16,1,1,9,4,ChocoSolver,100.0,100.0,0.0,22,0.203376573510468,0.3008369104936719,25600
16,2,1,9,4,ChocoSolver,0,100.0,1.0009765524902345,19,0.23197912983596325,0.19526234595105052,21504
16,3,1,9,4,ChocoSolver,100.0,100.0,0.0,21,0.12975389743223786,0.24327188823372126,24576
16,4,1,9,4,ChocoSolver,100.0,100.0,0.0,22,0.19297331990674138,0.2581067979335785,25600
16,5,1,9,4,ChocoSolver,0,100.0,0.4999999975,17,0.16116126021370292,0.1856046887114644,19456
16,6,1,9,4,ChocoSolver,100.0,100.0,0.0,26,0.26186623238027096,0.32912418665364385,29696
16,7,1,9,4,ChocoSolver,100.0,100.0,0.0,22,0.1470765843987465,0.23964915564283729,25600
16,8,1,9,4,ChocoSolver,100.0,100.0,0.0,18,0.1488443617708981,0.20244528725743294,20480
16,9,1,9,4,ChocoSolver,0,100.0,0.4999999975,29,0.19945864798501134,0.3128155851736665,32768
17,0,5,12,5,PenaltySolver,0,0.68359375,743.161617377942,102,201.07462113862857,7.741183661390096,115712
17,1,5,12,5,PenaltySolver,0,1.3671875,975.4916943412916,120,157.30060960398987,8.052219299133867,136192
17,2,5,12,5,PenaltySolver,1.46484375,12.109375,364.7040997389795,137,161.37393964780495,9.400319069158286,154624
17,3,5,12,5,PenaltySolver,0.48828125,9.08203125,616.1845672315771,110,141.47568592475727,7.493581577204168,124928
17,4,5,12,5,PenaltySolver,0.29296875,2.05078125,832.674800524126,111,160.45112145273015,7.811954111326486,125952
17,5,5,12,5,PenaltySolver,0.09765625,0.1953125,688.5670549964432,98,212.4132960033603,7.23247783491388,110592
17,6,5,12,5,PenaltySolver,0.390625,2.24609375,956.3671827181641,104,138.4659957238473,7.51642009941861,117760
17,7,5,12,5,PenaltySolver,0,0.9765625,1161.4404238802979,103,271.2651586299762,7.854638157878071,116736
17,8,5,12,5,PenaltySolver,0,0.5859375,924.2788039723561,94,119.39930021949112,7.102843751665205,106496
17,9,5,12,5,PenaltySolver,0.390625,1.7578125,1289.1674740229128,104,231.7791945808567,5.454247508198023,117760
17,0,5,12,5,CyclicSolver,0.48828125,4.296875,754.0283165423584,102,177.8433705084026,7.547175443265587,115712
17,1,5,12,5,CyclicSolver,0,1.3671875,975.4916943412916,120,155.92036429187283,8.454317084979266,136192
17,2,5,12,5,CyclicSolver,1.46484375,12.109375,364.7040997389795,137,157.7948102983646,9.532725624274462,154624
17,3,5,12,5,CyclicSolver,0.48828125,9.08203125,616.1845672315771,110,142.24556157458574,7.867154687643051,124928
17,4,5,12,5,CyclicSolver,0.48828125,5.95703125,534.2275363913624,123,155.915246960707,8.78346383664757,139264
17,5,5,12,5,CyclicSolver,12.109375,18.9453125,231.12044193793187,127,181.08280213503167,8.846337939612567,143360
17,6,5,12,5,CyclicSolver,0.390625,2.24609375,956.3671827181641,104,137.06831325078383,7.424844088032842,117760
17,7,5,12,5,CyclicSolver,0,24.70703125,457.7958961485205,109,189.49972641235217,8.123667160514742,122880
17,8,5,12,5,CyclicSolver,0,0.5859375,924.2788039723561,94,123.76670399075374,7.037187987938523,106496
17,9,5,12,5,CyclicSolver,0.5859375,9.86328125,696.1323207380884,109,151.18197484780103,4.618503021076322,122880
17,0,5,12,5,HeaSolver,0.09765625,1.07421875,1094.450189840249,201,462.02019971515983,10.255745600908995,226304
17,1,5,12,5,HeaSolver,0.09765625,0.9765625,1124.1235295356323,201,304.6995352245867,10.4336721082218,226304
17,2,5,12,5,HeaSolver,0,1.46484375,1086.9980414400097,201,298.6585171306506,10.13030586950481,226304
17,3,5,12,5,HeaSolver,0,0.48828125,1123.933588130332,201,310.6151439831592,10.346000236924738,226304
17,4,5,12,5,HeaSolver,0,0.87890625,1093.0649359409254,201,355.50713370833546,10.405982638709247,226304
17,5,5,12,5,HeaSolver,0.09765625,1.26953125,731.2447892291841,201,463.6308414307423,9.966523527167737,226304
17,6,5,12,5,HeaSolver,0,1.07421875,1111.2329046000855,201,303.3524462780915,10.359564015176147,226304
17,7,5,12,5,HeaSolver,0,2.1484375,1043.4350533765748,201,624.3715798347257,10.03945284197107,226304
17,8,5,12,5,HeaSolver,0.09765625,1.171875,1115.7197209839014,201,303.32207554392517,10.402340370230377,226304
17,9,5,12,5,HeaSolver,0.09765625,1.85546875,1105.7319280650904,201,500.08822920545936,7.8339627594687045,226304
17,0,1,12,5,ChocoSolver,0,100.0,0.4999999975,32,0.4452101686038077,0.4311628211289644,36864
17,1,1,12,5,ChocoSolver,0,100.0,0.4999999975,26,0.5520059731788933,0.4005780518054962,29696
17,2,1,12,5,ChocoSolver,0,100.0,0.999999995,28,0.41591297881677747,0.3903723265975714,31744
17,3,1,12,5,ChocoSolver,0,100.0,0.4999999975,24,0.28394235111773014,0.3090052059851587,27648
17,4,1,12,5,ChocoSolver,100.0,100.0,0.0,22,0.60606435732916,0.36143165128305554,25600
17,5,1,12,5,ChocoSolver,100.0,100.0,0.0,18,0.4529431629925966,0.3542007808573544,20480
17,6,1,12,5,ChocoSolver,100.0,100.0,0.0,25,0.2451506215147674,0.3666222132742405,28672
17,7,1,12,5,ChocoSolver,7.32421875,100.0,0.4638671851806641,30,1.8824403532780707,0.8564555449411273,34816
17,8,1,12,5,ChocoSolver,0,100.0,0.999999995,32,0.5621649255044758,0.44379792269319296,36864
17,9,1,12,5,ChocoSolver,0,100.0,0.7968749960156251,30,2.5106333354488015,0.9256257102824748,34816
18,0,5,16,6,PenaltySolver,0,2.1484375,1302.5361262998194,103,378.32564741233364,7.060787659604102,116736
18,1,5,16,6,PenaltySolver,0,0,1398.8964773805176,102,398.71865412732586,7.168952265754342,115712
18,2,5,16,6,PenaltySolver,0,0.09765625,1179.6103456644482,116,473.2008662354201,8.256333334371448,131072
18,3,5,16,6,PenaltySolver,0,0.87890625,925.0766555308668,128,470.0846340470016,9.009433120954782,144384
18,4,5,16,6,PenaltySolver,0,0.1953125,1046.5524053656586,97,516.8179648420773,7.30177667317912,109568
18,5,5,16,6,PenaltySolver,0.1953125,1.26953125,702.8883440112055,95,289.86192913912237,5.912412947975099,107520
18,6,5,16,6,PenaltySolver,0,0.29296875,1520.2783127111086,104,626.0129541880451,6.425930178724229,117760
18,7,5,16,6,PenaltySolver,0.87890625,2.83203125,800.578609278357,108,426.6674672602676,6.768256689887494,121856
18,8,5,16,6,PenaltySolver,0,0.29296875,1146.7656211774479,97,448.9457702888176,6.1440215851180255,109568
18,9,5,16,6,PenaltySolver,0.1953125,3.02734375,859.7109332014454,124,418.14954310283065,7.638190993107855,140288
18,0,5,16,6,CyclicSolver,0,2.1484375,1302.5361262998194,103,364.5127404774539,7.366810595616698,116736
18,1,5,16,6,CyclicSolver,0.29296875,7.03125,494.1484350292578,115,447.39028651826084,8.077421001624316,130048
18,2,5,16,6,CyclicSolver,0,6.15234375,576.2373018063136,110,425.48304922506213,7.701892461627722,124928
18,3,5,16,6,CyclicSolver,0.390625,5.46875,681.9521450277393,125,455.51516513573006,8.588937833439559,141312
18,4,5,16,6,CyclicSolver,0,0.1953125,1046.5524053656586,97,518.1602722937241,7.187911360524595,109568
18,5,5,16,6,CyclicSolver,0.1953125,1.26953125,702.8883440112055,95,279.8160843933001,5.991217475384474,107520
18,6,5,16,6,CyclicSolver,0,0.48828125,1123.3515568832422,108,664.0578736574389,6.61699459142983,121856
18,7,5,16,6,CyclicSolver,0.87890625,2.83203125,800.578609278357,108,422.8176520629786,6.903987835627049,121856
18,8,5,16,6,CyclicSolver,0.29296875,1.26953125,1033.2708298890973,90,404.89750774390996,5.66763299703598,102400
18,9,5,16,6,CyclicSolver,0.1953125,3.02734375,859.7109332014454,124,420.88346149073914,7.628814165014774,140288
18,0,5,16,6,HeaSolver,0,0.29296875,1492.533195662334,201,742.969194100704,9.773896415252239,226304
18,1,5,16,6,HeaSolver,0,0.09765625,1485.2734300736329,201,803.0822536381893,9.728908319026232,226304
18,2,5,16,6,HeaSolver,0,0.1953125,1496.402824549236,201,809.325805213768,9.883122533094138,226304
18,3,5,16,6,HeaSolver,0,0.29296875,1473.0038988849806,201,807.4959100452252,9.758067006710917,226304
18,4,5,16,6,HeaSolver,0.1953125,0.68359375,1008.5960252838466,201,1087.6617926806211,10.078290241304785,226304
18,5,5,16,6,HeaSolver,0.09765625,0.29296875,1025.5364549148785,201,602.2568767615594,8.903049215208739,226304
18,6,5,16,6,HeaSolver,0,0.48828125,1507.93798074156,201,1335.2888134261593,8.603211383800954,226304
18,7,5,16,6,HeaSolver,0,0.48828125,1480.4350511915748,201,863.312009498477,8.904188646469265,226304
18,8,5,16,6,HeaSolver,0,0.390625,1023.9762335659126,201,940.6561624417081,8.83332725521177,226304
18,9,5,16,6,HeaSolver,0,0.390625,1486.2929613185352,201,743.8865542770363,8.835600334219635,226304
18,0,1,16,6,ChocoSolver,0,100.0,0.5004882787475586,23,1.2929236320778728,0.6837511318735778,26624
18,1,1,16,6,ChocoSolver,0,100.0,1.99999999,28,1.2468356541357934,0.5592732140794396,31744
18,2,1,16,6,ChocoSolver,0,100.0,1.2050781189746094,31,1.8801190513186157,0.9400452524423599,35840
18,3,1,16,6,ChocoSolver,0,20.80078125,227.287596519812,28,1.7883879793807864,0.782151447609067,31744
18,4,1,16,6,ChocoSolver,0,100.0,0.3333333322222222,21,2.2315933681093156,0.49977725371718407,24576
18,5,1,16,6,ChocoSolver,0,100.0,0.3333333322222222,23,0.7430741130374372,0.5869919266551733,26624
18,6,1,16,6,ChocoSolver,0,100.0,0.8769531206152344,32,10.802033436484635,1.2255990197882056,36864
18,7,1,16,6,ChocoSolver,0.09765625,100.0,0.4999999975,33,1.2112680952996016,0.5660730116069317,37888
18,8,1,16,6,ChocoSolver,0,100.0,0.6666666644444444,20,0.5052947564981878,0.3950643972493708,23552
18,9,1,16,6,ChocoSolver,8.7890625,100.0,0.47753906011230474,36,3.8670658520422876,1.3887887159362435,40960
19,0,5,20,7,PenaltySolver,0,0.09765625,2155.1874892240626,119,995.1432675705291,9.113461486529559,134144
19,1,5,20,7,PenaltySolver,0,0.29296875,1888.74803743126,90,699.0991505938582,7.020148340146989,102400
19,2,5,20,7,PenaltySolver,0,0.1953125,1412.8022390297388,117,693.1951749958098,8.840269136242568,132096
19,3,5,20,7,PenaltySolver,0,0,1560.7333932350555,100,779.4869179818779,7.267976322211325,113664
19,4,5,20,7,PenaltySolver,0,0.29296875,767.244789109184,128,1274.9183225668967,9.638071014080197,144384
19,5,5,20,7,PenaltySolver,0,0.09765625,2133.4399307390504,89,499.3480695793405,5.993626261595637,100352
19,6,5,20,7,PenaltySolver,0,5.76171875,864.3105425534474,123,698.418849285692,8.386816170532256,139264
19,7,5,20,7,PenaltySolver,0.09765625,8.203125,960.6933545715333,98,517.7384132528678,6.637871133163571,110592
19,8,5,20,7,PenaltySolver,0,9.08203125,977.0698193334009,126,632.0128801628016,8.351539235562086,142336
19,9,5,20,7,PenaltySolver,0.29296875,0.5859375,869.641597214292,117,636.982843761798,7.808660089038312,132096
19,0,5,20,7,CyclicSolver,0.1953125,10.15625,473.4174781016626,134,1139.8534332797863,10.29467229731381,151552
19,1,5,20,7,CyclicSolver,0,0.48828125,1089.0966742420167,121,951.9246762678958,8.905391090083867,137216
19,2,5,20,7,CyclicSolver,0.1953125,2.1484375,876.3774370243628,128,736.3025882332586,9.552957825828344,144384
19,3,5,20,7,CyclicSolver,0,0.1953125,1142.6653607744488,104,803.9658582862467,7.538017613813281,117760
19,4,5,20,7,CyclicSolver,0,2.734375,454.5029281724903,124,1168.842914589215,8.838633936829865,140288
19,5,5,20,7,CyclicSolver,0,0.09765625,2133.4399307390504,89,521.3131846906617,6.19704295322299,100352
19,6,5,20,7,CyclicSolver,0,5.76171875,864.3105425534474,123,695.1287498953752,8.745366814546287,139264
19,7,5,20,7,CyclicSolver,0,1.7578125,1310.0756770433716,87,481.67358068795875,5.975518560037017,98304
19,8,5,20,7,CyclicSolver,0,9.08203125,977.0698193334009,126,646.0787537936121,8.260157249402255,142336
19,9,5,20,7,CyclicSolver,0.29296875,0.5859375,869.641597214292,117,638.5163938119076,8.1866145292297,132096
19,0,5,20,7,HeaSolver,0,0.48828125,1838.0947173720265,201,1695.8412219053134,9.941468119621277,226304
19,1,5,20,7,HeaSolver,0,0,1885.3544827607277,201,1555.7111943638884,10.207162673119456,226304
19,2,5,20,7,HeaSolver,0,0,1901.3422756495386,201,1190.5739032113925,9.795201603788882,226304
19,3,5,20,7,HeaSolver,0.09765625,0.09765625,1205.395503794515,201,1559.9791585514322,9.329128701239824,226304
19,4,5,20,7,HeaSolver,0,0.1953125,1217.656245941146,201,2005.038045424968,9.662296197377145,226304
19,5,5,20,7,HeaSolver,0,0.1953125,1879.879385131853,201,1132.5996393733658,9.455311218742281,226304
19,6,5,20,7,HeaSolver,0,0.09765625,1869.941396900293,201,1139.6236734185368,9.371975346468389,226304
19,7,5,20,7,HeaSolver,0,0.09765625,1845.8749907706251,201,1066.3089027395472,9.319901829119772,226304
19,8,5,20,7,HeaSolver,0,0.09765625,1944.7309473075952,201,989.803736760281,9.434538976754993,226304
19,9,5,20,7,HeaSolver,0,0.09765625,1932.440420025298,201,1129.3968629906885,8.080604624468833,226304
19,0,1,20,7,ChocoSolver,0,100.0,0.4999999975,22,4.838191958609968,0.7815266335383058,25600
19,1,1,20,7,ChocoSolver,0,100.0,2.4999999875000003,13,0.28281170316040516,0.2866733060218394,15360
19,2,1,20,7,ChocoSolver,0,99.90234375,1.194824212775879,27,2.9710098998621106,0.88168874848634,30720
19,3,1,20,7,ChocoSolver,1.07421875,100.0,0.3385416655381945,27,2.759499174542725,0.8693382698111236,30720
19,4,1,20,7,ChocoSolver,0,100.0,1.333333328888889,13,0.23617244325578213,0.21894175978377461,15360
19,5,1,20,7,ChocoSolver,0,99.90234375,2.192871082785645,29,1.0065731778740883,0.6899941051378846,32768
19,6,1,20,7,ChocoSolver,0,100.0,1.99999999,26,0.6156364134512842,0.4979286608286202,29696
19,7,1,20,7,ChocoSolver,0,99.90234375,2.694824205275879,27,1.7185074030421674,0.6092528738081455,30720
19,8,1,20,7,ChocoSolver,0,100.0,1.3061523372192383,32,4.232193144969642,1.079640910960734,36864
19,9,1,20,7,ChocoSolver,0,100.0,1.4077148367114258,29,1.040523868985474,0.750469861086458,32768
